name,location,keyword
Negrita,Metropolitan France,negrita
BOWS Distillery,Metropolitan France,bows-distillery
Distillery O'Baptiste,Metropolitan France,distillery-obaptiste
Distillery Coqlicorne,Metropolitan France,distillery-coqlicorne
Distillery Castan,Metropolitan France,distillery-castan
Distillery Moon Harbour,Metropolitan France,distillery-moon-harbour
Distillery ERIKA,Metropolitan France,distillery-erika
Bologne,Guadeloupe,bologne
Damoiseau,Guadeloupe,damoiseau
Montebello,Guadeloupe,montebello
Mon Repos,Guadeloupe,mon-repos
Longueteau,Guadeloupe,longueteau
Père Labat,Guadeloupe,pere-labat
Séverin,Guadeloupe,severin
Rhum Saint-Maurice,French Guiana,rhum-saint-maurice
Rhum Charette,La Réunion,rhum-charette
Riviere du Mat,La Réunion,riviere-du-mat
Savanna,La Réunion,savanna
Tank Rum,La Réunion,tank-rum
Rhum Clément,Martinique,rhum-clement
Rhum Dillon,Martinique,rhum-dillon
Rhum du Père Labat,Martinique,rhum-du-pere-labat
Rhum J.M.,Martinique,rhum-j-m
Habitation Saint-Etienne,Martinique,habitation-saint-etienne
J. Bally,Martinique,j-bally
La Mauny,Martinique,la-mauny
Neisson distillery,Martinique,neisson-distillery
Rhum Depaz,Martinique,rhum-depaz
Saint James,Martinique,saint-james
Trois Rivières,Martinique,trois-rivieres
R. St Barth,Saint Barthélemy,r-st-barth
