category,brand,keyword
Chocolate liqueur,Afrikoko,afrikoko
Chocolate liqueur,Ashanti Gold,ashanti-gold
Chocolate liqueur,Bicerin Di Giandujotto,bicerin-di-giandujotto
Chocolate liqueur,Godiva Dark Chocolate,godiva-dark-chocolate
Chocolate liqueur,Intramuros Liqueur de Cacao,intramuros
Chocolate liqueur,Liqueur Fogg,fogg
Chocolate liqueur,Mozart Black,mozart-black
Chocolate liqueur,OM Dark Chocolate & Sea Salt Liqueur,om-dark-chocolate-sea-salt
Chocolate liqueur,Royal Mint-Chocolate Liqueur,royal-mint-chocolate
Chocolate liqueur,Sabra liqueur,sabra
Chocolate liqueur,Thornton's Chocolate Liqueur,thorntons-chocolate
Chocolate liqueur,Mon Chéri,mon-cheri
Chocolate cream liqueur,Cadbury Cream Liqueur,cadbury
Chocolate cream liqueur,Dooley's White Chocolate Cream Liqueur,dooleys-white-chocolate
Chocolate cream liqueur,Dorda Double Chocolate Liqueur,dorda-double-chocolate
Chocolate cream liqueur,Dwersteg's Organic Chocolate Cream Liqueur,dwerstegs-organic-chocolate
Chocolate cream liqueur,Godiva White Chocolate,godiva-white-chocolate
Chocolate cream liqueur,Hotel Chocolat Velvetised Chocolate Cream,hotel-chocolat-velvetised-chocolate
Chocolate cream liqueur,Florcello Chocolate Orange Cream Liqueur,florcello-chocolate-orange
Chocolate cream liqueur,Mozart Gold Chocolate Cream Liqueur,mozart-gold-chocolate
Chocolate cream liqueur,Mozart White Chocolate Cream Liqueur,mozart-white-chocolate
Chocolate cream liqueur,Vana Tallinn Chocolate Cream,vana-tallinn-chocolate
Chocolate cream liqueur,Vermeer Dutch Chocolate Cream Liqueur,vermeer-dutch-chocolate
Coffee liqueurs,Allen's Coffee Brandy,allens
Coffee liqueurs,Amaro 1716 Café du Soir,amaro-1716-cafe-du-soir
Coffee liqueurs,Richardo's Decaf Coffee Liqueur,richardos-decaf
Coffee liqueurs,Café Rica,cafe-rica
Coffee liqueurs,Caffè Borghetti,caffe-borghetti
Coffee liqueurs,Cazcabel,cazcabel
Coffee liqueurs,Kahlúa,kahlua
Coffee liqueurs,Kamok,kamok
Coffee liqueurs,Kamora,kamora
Coffee liqueurs,Kavalan Distillery Sweet coffee liqueur,kavalan-distillery-sweet
Coffee liqueurs,Kapali Coffee Liqueur,kapali
Coffee liqueurs,Liqueurious Coffea Coffee Liqueur,liqueurious-coffea
Coffee liqueurs,Liqueurious Coffea Decaf Coffee Liqueur,liqueurious-coffea-decaf
Coffee liqueurs,Licor de café,licor-de-cafe
Coffee liqueurs,Midnight Espresso Regular Coffee Liqueur,midnight-espresso-regular
Coffee liqueurs,Midnight Espresso Decaf Coffee Liqueur,midnight-espresso-decaf
Coffee liqueurs,Mr Black Cold Brew Coffee Liqueur,mr-black-cold-brew
Coffee liqueurs,Mr Black Cold Brew Coffee Amaro,mr-black-cold-brew
Coffee liqueurs,Patrón XO Cafe,patron-xo-cafe
Coffee liqueurs,Sabroso,sabroso
Coffee liqueurs,Sheridan's,sheridans
Coffee liqueurs,Sombai Anise & Coffee rice liqueur,sombai-anise
Coffee liqueurs,Flor de Caña Spresso,flor-de-cana-spresso
Coffee liqueurs,San Andre,san-andre
Coffee liqueurs,St. George Spirits NOLA Coffee Liqueur,st-george-spirits-nola
Coffee liqueurs,Tia Maria,tia-maria
Coffee liqueurs,Toussaint Coffee Liqueur,toussaint
Coffee liqueurs,B52 Coffee Liqueur,b52
Cream liqueurs,Advocaat,advocaat
Cream liqueurs,Amarula,amarula
Cream liqueurs,Baileys Irish Cream,baileys-irish
Cream liqueurs,Coole Swan Irish Cream Liqueur,coole-swan-irish
Cream liqueurs,Carolans Irish Cream,carolans-irish
Cream liqueurs,Crema Fina,crema-fina
Cream liqueurs,Cruzan Rum Cream,cruzan-rum
Cream liqueurs,Dooley's,dooleys
Cream liqueurs,DV8 Gold,dv8-gold
Cream liqueurs,DV8 Pink Gin,dv8-pink-gin
Cream liqueurs,Heather Cream,heather
Cream liqueurs,Kerrygold Irish Cream Liqueur,kerrygold-irish
Cream liqueurs,Malibu,malibu
Cream liqueurs,Ponche crema,ponche-crema
Cream liqueurs,Rompope,rompope
Cream liqueurs,RumChata,rumchata
Cream liqueurs,Sangster's,sangsters
Cream liqueurs,Saint Brendan's Irish Cream Liqueur,saint-brendans-irish
Cream liqueurs,Tequila Rose,tequila-rose
Cream liqueurs,Vana Tallinn Cream,vana-tallinn
Cream liqueurs,Vodkow Cream Liqueur,vodkow
Cream liqueurs,Voodoo Cream Liqueur,voodoo
Crème liqueurs,Crème de banane,creme-de-banane
Crème liqueurs,Crème de cacao,creme-de-cacao
Crème liqueurs,Crème de cassis,creme-de-cassis
Crème liqueurs,Crème de Cerise,creme-de-cerise
Crème liqueurs,Crème de menthe,creme-de-menthe
Crème liqueurs,Crème de Noyaux,creme-de-noyaux
Crème liqueurs,Creme de violette,creme-de-violette
Crème liqueurs,Creme Yvette,creme-yvette
Crème liqueurs,Parfait d'Amour,parfait-damour
Flower liqueurs,Crème de violette,creme-de-violette
Flower liqueurs,Rosolio,rosolio
Flower liqueurs,Italicus,italicus
Flower liqueurs,St-Germain,st-germain
Berry liqueurs,Chambord,chambord
Berry liqueurs,Guavaberry,guavaberry
Berry liqueurs,Hideous,hideous
Berry liqueurs,Lakka,lakka
Berry liqueurs,Lillehammer,lillehammer
Berry liqueurs,Mirto,mirto
Berry liqueurs,Mouse Kingdom Liqueurs,mouse-kingdom-liqueurs
Berry liqueurs,Murtado,murtado
Berry liqueurs,XUXU,xuxu
Berry liqueurs,Og natura Stone Bramble Liqueur,og-natura-stone-bramble
Cherry liqueurs,Cherry Heering,cherry-heering
Cherry liqueurs,Ginjinha,ginjinha
Cherry liqueurs,Guignolet,guignolet
Cherry liqueurs,Maraschino,maraschino
Cherry liqueurs,Vișinată,visinata
Orange liqueurs,Aurum,aurum
Orange liqueurs,Cointreau,cointreau
Orange liqueurs,Curaçao,curacao
Orange liqueurs,Garluche,garluche
Orange liqueurs,Grand Marnier,grand-marnier
Orange liqueurs,GranGala,grangala
Orange liqueurs,Hesperidina,hesperidina
Orange liqueurs,Mandarine Napoléon,mandarine-napoleon
Orange liqueurs,Triple sec,triple-sec
Orange liqueurs,Van Der Hum,van-der-hum
Other,99 Schnapps,99-schnapps
Other,Bajtra,bajtra
Other,Cuarenta Y Tres,cuarenta-y-tres
Other,Licor 43,licor-43
Other,Damson gin,damson-gin
Other,Hpnotiq,hpnotiq
Other,Jabuticaba,jabuticaba
Other,Kruškovac,kruskovac
Other,Kwai Feh,kwai-feh
Other,Lichido,lichido
Other,Limoncello,limoncello
Other,Manzana verde,manzana-verde
Other,Medronho,medronho
Other,Midori,midori
Other,Noyau de Poissy,noyau-de-poissy
Other,Pama,pama
Other,Passoã,passoa
Other,Pisang Ambon,pisang-ambon
Other,Pucker,pucker
Other,Rhythm,rhythm
Other,Sloe gin,sloe-gin
Other,Soho,soho
Other,Sombai,sombai
Other,TY KU,ty-ku
Other,Umeshu,umeshu
Other,X-Rated Fusion Liqueur,x-rated-fusion
Other,Yangmeijiu,yangmeijiu
Anise-flavored liqueurs,Anís,anis
Anise-flavored liqueurs,Licor Aniz Escarchado,licor-aniz-escarchado
Anise-flavored liqueurs,Anisette,anisette
Anise-flavored liqueurs,Centerbe,centerbe
Anise-flavored liqueurs,Galliano,galliano
Anise-flavored liqueurs,Herbsaint,herbsaint
Anise-flavored liqueurs,Passione Nera,passione-nera
Anise-flavored liqueurs,Pastis,pastis
Anise-flavored liqueurs,Patxaran,patxaran
Anise-flavored liqueurs,Ricard,ricard
Anise-flavored liqueurs,Sambuca,sambuca
Anise-flavored liqueurs,Sombai Anise & Coffee,sombai-anise
Anise-flavored liqueurs,Vespetrò,vespetro
Anise-flavored liqueurs,Xtabentún,xtabentun
Anise-flavored liqueurs,Cucui,cucui
Other herbal liqueurs,Allasch,allasch
Other herbal liqueurs,Agwa de Bolivia,agwa-de-bolivia
Other herbal liqueurs,Altvater,altvater
Other herbal liqueurs,Amaro,amaro
Other herbal liqueurs,Becherovka,becherovka
Other herbal liqueurs,Beirão,beirao
Other herbal liqueurs,Bénédictine,benedictine
Other herbal liqueurs,Boilo,boilo
Other herbal liqueurs,Calisaya,calisaya
Other herbal liqueurs,Canton,canton
Other herbal liqueurs,Chartreuse,chartreuse
Other herbal liqueurs,Cynar,cynar
Other herbal liqueurs,Demänovka,demanovka
Other herbal liqueurs,Danzig Goldwasser,danzig-goldwasser
Other herbal liqueurs,Everglo,everglo
Other herbal liqueurs,Fernet,fernet
Other herbal liqueurs,Gammel Dansk Bitter Dram,gammel-dansk
Other herbal liqueurs,Goldschläger,goldschlager
Other herbal liqueurs,Jaan Paan Liqueur,jaan-paan
Other herbal liqueurs,Jägermeister,jagermeister
Other herbal liqueurs,Jing Jiu,jing-jiu
Other herbal liqueurs,Killepitsch,killepitsch
Other herbal liqueurs,Krampus Herbal Liqueur,krampus-herbal
Other herbal liqueurs,Krupnik,krupnik
Other herbal liqueurs,Kümmel,kummel
Other herbal liqueurs,Mamajuana,mamajuana
Other herbal liqueurs,Mastica,mastica
Other herbal liqueurs,Mastichato,mastichato
Other herbal liqueurs,Menta,menta
Other herbal liqueurs,Metaxa,metaxa
Other herbal liqueurs,Minttu,minttu
Other herbal liqueurs,Riga Black Balsam,riga-black-balsam
Other herbal liqueurs,Singeverga,singeverga
Other herbal liqueurs,Strega,strega
Other herbal liqueurs,Tubi 60,tubi-60
Other herbal liqueurs,Underberg,underberg
Other herbal liqueurs,Unicum,unicum
Other herbal liqueurs,Yomeishu,yomeishu
Honey liqueurs,Bärenjäger,barenjager
Honey liqueurs,Drambuie,drambuie
Honey liqueurs,Glayva,glayva
Honey liqueurs,Irish Mist,irish-mist
Honey liqueurs,Krambambula,krambambula
Honey liqueurs,Mama Juana,mama-juana
Honey liqueurs,Rakomelo,rakomelo
Honey liqueurs,Ron miel,ron-miel
Honey liqueurs,Yukon Jack,yukon-jack
Nut-flavored liqueurs,Amaretto,amaretto
Nut-flavored liqueurs,Disaronno,disaronno
Nut-flavored liqueurs,Frangelico,frangelico
Nut-flavored liqueurs,Kahana Royale,kahana-royale
Nut-flavored liqueurs,Nocello,nocello
Nut-flavored liqueurs,Nocino,nocino
Nut-flavored liqueurs,Orahovac,orahovac
Nut-flavored liqueurs,Peanut liqueur,peanut
Nut-flavored liqueurs,Peanut Lolita,peanut-lolita
Nut-flavored liqueurs,Pochteca Almond Liqueur,pochteca-almond
Nut-flavored liqueurs,Ratafia,ratafia
Nut-flavored liqueurs,Rivulet,rivulet
Whisky liqueurs,Atholl Brose,atholl-brose
Whisky liqueurs,Bruadar,bruadar
Whisky liqueurs,Cock o' the North,cock-o-the-north
Whisky liqueurs,Eblana,eblana
Whisky liqueurs,Famous Grouse liqueur,famous-grouse
Whisky liqueurs,Fireball Cinnamon Whisky,fireball-cinnamon
Whisky liqueurs,Forty Creek Premium Cream Liqueur,forty-creek-premium
Whisky liqueurs,Glenfiddich Malt liqueur,glenfiddich-malt
Whisky liqueurs,Glenturret Malt liqueur,glenturret-malt
Whisky liqueurs,Heaven Hill,heaven-hill
Whisky liqueurs,Jack Daniel's Tennessee Honey,jack-daniels-tennessee-honey
Whisky liqueurs,Jeremiah Weed,jeremiah-weed
Whisky liqueurs,Jim Beam Honey,jim-beam-honey
Whisky liqueurs,Jim Beam Red Stag,jim-beam-red-stag
Whisky liqueurs,Lochan Ora,lochan-ora
Whisky liqueurs,Murray Scottish Highland Liqueur,murray-scottish-highland
Whisky liqueurs,Mystic Bourbon Liqueur,mystic-bourbon
Whisky liqueurs,Old Pulteney liqueur,old-pulteney
Whisky liqueurs,Orangerie,orangerie
Whisky liqueurs,Rock and Rye,rock-and-rye
Whisky liqueurs,Sortilège Maple Whiskey Liqueur,sortilege-maple
Whisky liqueurs,Stag's Breath,stags-breath
Whisky liqueurs,Southern Comfort,southern-comfort
Whisky liqueurs,Sweet Revenge,sweet-revenge
Whisky liqueurs,The Knot,the-knot
Whisky liqueurs,Wallace Liqueur,wallace
Whisky liqueurs,Wild Turkey American Honey,wild-turkey-american-honey
Other liqueurs,After Shock,after-shock
Other liqueurs,Agnes,agnes
Other liqueurs,Ancho Reyes,ancho-reyes
Other liqueurs,Armada,armada
Other liqueurs,Baczewski,baczewski
Other liqueurs,Bärenfang,barenfang
Other liqueurs,Beechleaf noyau,beechleaf-noyau
Other liqueurs,Bloody Oath,bloody-oath
Other liqueurs,Campari,campari
Other liqueurs,Cohasset Punch,cohasset-punch
Other liqueurs,Damiana,damiana
Other liqueurs,Gabriel,gabriel
Other liqueurs,Génépi,genepi
Other liqueurs,Izarra,izarra
Other liqueurs,Jumbie,jumbie
Other liqueurs,Kajmir,kajmir
Other liqueurs,kareek rum,kareek-rum
Other liqueurs,Kännu Kukk,kannu-kukk
Other liqueurs,Licor de oro,licor-de-oro
Other liqueurs,Liqueurs de Sodabi,liqueurs-de-sodabi
Other liqueurs,Malört,malort
Other liqueurs,Mesi,mesi
Other liqueurs,Palm wine,palm-wine
Other liqueurs,Pimento Dram,pimento-dram
Other liqueurs,Returner,returner
Other liqueurs,Qi,qi
Other liqueurs,Qi White,qi-white
Other liqueurs,Rumpleminze,rumpleminze
Other liqueurs,Salmiakki Koskenkorva,salmiakki-koskenkorva
Other liqueurs,Sève Fournier,seve-fournier
Other liqueurs,Sorel or Sorrel,sorel-or-sorrel
Other liqueurs,Swedish Punsch,swedish-punsch
Other liqueurs,Tuaca,tuaca
Other liqueurs,Vana Tallinn,vana-tallinn
Other liqueurs,Vov,vov
Other liqueurs,Voyant Chai Cream,voyant-chai
Other liqueurs,Y Chilli,y-chilli
