brand,keyword
Ron Pizá,ron-piza
Ron Llave,ron-llave
Ron Candado,ron-candado
Ron Tres Estrellas,ron-tres-estrellas
Ron San Isidro,ron-san-isidro
Ron Cañón,ron-canon
Ron Portela,ron-portela
Ron Granado,ron-granado
Ron Palo Viejo,ron-palo-viejo
Ron del Barrilito,ron-del-barrilito
Bacardi,bacardi
PitoRico,pitorico
Don Q,don-q
Blackbeard Spiced Rum,blackbeard-spiced-rum
Boca Chica Rum,boca-chica-rum
Caliche Rum,caliche-rum
Scryer Rum,scryer-rum
Club Caribe,club-caribe
Ron Castillo,ron-castillo
Trigo Reserva Añeja,trigo-reserva-aneja
Marin,marin
Ron Pascual,ron-pascual
Three Captains,three-captains
