brand,country,keyword
Kwilu Rum,Democratic Republic of Congo,kwilu-rum
Safari Rum,Kenya,safari-rum
Rhum Charrette,La Réunion,rhum-charrette
Riviere du Mat,La Réunion,riviere-du-mat
Savanna,La Réunion,savanna
Groupe Vidzar,Madagascar,groupe-vidzar
New Grove,Mauritius,new-grove
Penny Blue,Mauritius,penny-blue
Pink Pigeon,Mauritius,pink-pigeon
Saint-Aubin,Mauritius,saint-aubin
Takamaka,Seychelles,takamaka
Mainstay Original Premium,South Africa,mainstay-original-premium
Man Up Rum 55% -,South Africa,man-up-rum
MHOBA Rum,South Africa,mhoba-rum
Whistler African Style Rum,South Africa,whistler-african-style-rum
Beenleigh,Australia,beenleigh
Brix Distillers,Australia,brix-distillers
Bundaberg,Australia,bundaberg
Darby-Norris Distillery,Australia,darby-norris-distillery
Frigate Rum,Australia,frigate-rum
Hoochery Distillery,Australia,hoochery-distillery
Husk Distillers,Australia,husk-distillers
Illegal Tender Rum Co.,Australia,illegal-tender-rum-co
Inner Circle Rum,Australia,inner-circle-rum
Jimmy Rum,Australia,jimmy-rum
Killik Handcrafted Rum,Australia,killik-handcrafted-rum
Kimberley Rum Company,Australia,kimberley-rum-company
Nil Desperandum Rum,Australia,nil-desperandum-rum
Rebellion Bay Spiced Rum,Australia,rebellion-bay-spiced-rum
Waterview Distillery,Australia,waterview-distillery
Samai Distillery,Cambodia,samai-distillery
Bati,Fiji,bati
Ratu,Fiji,ratu
Old Monk,India,old-monk
McDowell's No.1 Celebration,India,mcdowells-no-1-celebration
Amrut,India,amrut
Radico Khaitan,India,radico-khaitan
Cor Cor,Japan,cor-cor
Helios Distillery,Japan,helios-distillery
Kikusui Shuzo,Japan,kikusui-shuzo
Mizuho Shuzo,Japan,mizuho-shuzo
Nine Leaves,Japan,nine-leaves
Ogasawara Rum,Japan,ogasawara-rum
Suntory,Japan,suntory
Takaoka Jozo,Japan,takaoka-jozo
Bleeding Heart Rum Company,Philippines,bleeding-heart-rum-company
Tanduay,Philippines,tanduay
Khukri Rum,Nepal,khukri-rum
Khukri Spice,Nepal,khukri-spice
Grenada Bay,New Zealand,grenada-bay
Lunatic and Lover,New Zealand,lunatic-and-lover
LWF Distilling,New Zealand,lwf-distilling
The NZ Rum Co.,New Zealand,the-nz-rum-co
Koxinga Gold Rum,Taiwan,koxinga-gold-rum
Sang Som,Thailand,sang-som
Issan,Thailand,issan
The Distillery Phuket,Thailand,the-distillery-phuket
Cavalier,Antigua and Barbuda,cavalier
English Harbour,Antigua and Barbuda,english-harbour
Luna Rum,Bahamas,luna-rum
John Watling's,Bahamas,john-watlings
Ole Nassau,Bahamas,ole-nassau
The Mount Gay Rum Distillery,Barbados,the-mount-gay-rum-distillery
West Indies Rum Distillery,Barbados,west-indies-rum-distillery
Foursquare Rum Distillery,Barbados,foursquare-rum-distillery
St Nicholas Abbey,Barbados,st-nicholas-abbey
Bumbu Rum,Barbados,bumbu-rum
Cockspur Rum,Barbados,cockspur-rum
Malibu Rum,Barbados,malibu-rum
Old Brigand Rum,Barbados,old-brigand-rum
Pusser's Ltd.,British Virgin Islands,pussers-ltd
7 Fathoms,Cayman Islands,7-fathoms
Edward Teach,Cayman Islands,edward-teach
Blackbeards,Cayman Islands,blackbeards
Tortuga,Cayman Islands,tortuga
Ron Cubay,Cuba,ron-cubay
Havana Club,Cuba,havana-club
Conde de Cuba,Cuba,conde-de-cuba
Ron Vigia,Cuba,ron-vigia
Ron Caney,Cuba,ron-caney
Ron Arecha,Cuba,ron-arecha
Ron Edmundo Dantes,Cuba,ron-edmundo-dantes
Ron Legendario,Cuba,ron-legendario
Ron Mulata,Cuba,ron-mulata
Ron Santiago de Cuba,Cuba,ron-santiago-de-cuba
Ron Varadero,Cuba,ron-varadero
Barceló,Dominican Republic,barcelo
Bermúdez,Dominican Republic,bermudez
Brugal,Dominican Republic,brugal
Matusalem,Dominican Republic,matusalem
Candela Mamajuana,Dominican Republic,candela-mamajuana
Siboney,Dominican Republic,siboney
Oliver,Dominican Republic,oliver
Macorix,Dominican Republic,macorix
Clark's Court,Grenada,clarks-court
Westerhall,Grenada,westerhall
Rivers Rum,Grenada,rivers-rum
Bielle,Guadeloupe,bielle
Damoiseau,Guadeloupe,damoiseau
Montebello,Guadeloupe,montebello
Père Labat,Guadeloupe,pere-labat
Séverin,Guadeloupe,severin
Longueteau,Guadeloupe,longueteau
Reimonenq,Guadeloupe,reimonenq
Bologne,Guadeloupe,bologne
Papa Rouyo,Guadeloupe,papa-rouyo
Rhum Barbancourt,Haiti,rhum-barbancourt
Rhum Vieux Labbé,Haiti,rhum-vieux-labbe
Rhum 1716,Haiti,rhum-1716
J. Wray and Nephew,Jamaica,j-wray-and-nephew
Myers's,Jamaica,myerss
Rum-bar rum,Jamaica,rum-bar-rum
The Rum Company,Jamaica,the-rum-company
Old Pascas,Jamaica,old-pascas
Worthy Park,Jamaica,worthy-park
Hampden,Jamaica,hampden
Smith & Cross,Jamaica,smith-cross
Smith & Cross,Jamaica,smith-and-cross
Appleton,Jamaica,appleton
Appleton Estate,Jamaica,appleton-estate
Habitation Saint-Etienne,Martinique,habitation-saint-etienne
J. Bally,Martinique,j-bally
La Mauny,Martinique,la-mauny
Neisson,Martinique,neisson
Rhum Clément,Martinique,rhum-clement
Rhum Dillon,Martinique,rhum-dillon
Saint James,Martinique,saint-james
Trois Rivières,Martinique,trois-rivieres
HBS,Martinique,hbs
A1710,Martinique,a1710
JM,Martinique,jm
La Favorite,Martinique,la-favorite
Bacardi,Puerto Rico,bacardi
Don Q,Puerto Rico,don-q
Ron del Barrilito,Puerto Rico,ron-del-barrilito
Club Caribe Destillers,Puerto Rico,club-caribe-destillers
Belmont Estate Rum,Saint Kitts and Nevis,belmont-estate-rum
Cane Spirit Rothschild,Saint Kitts and Nevis,cane-spirit-rothschild
Chairman's Reserve Rum,Saint Lucia,chairmans-reserve-rum
Bounty Rum,Saint Lucia,bounty-rum
Rum 1931,Saint Lucia,rum-1931
Rum Admiral Rodney,Saint Lucia,rum-admiral-rodney
TOZ rum,Saint Lucia,toz-rum
St. Vincent Distillers Ltd.,Saint Vincent and the Grenadines,st-vincent-distillers-ltd
Topper's Rhum Distillery,Sint Maarten,toppers-rhum-distillery
10 Cane,Trinidad and Tobago,10-cane
Angostura Rums,Trinidad and Tobago,angostura-rums
Fernandes Rums,Trinidad and Tobago,fernandes-rums
Island Company Rum,Trinidad and Tobago,island-company-rum
Kraken Rum,Trinidad and Tobago,kraken-rum
Forres Park Puncheon,Trinidad and Tobago,forres-park-puncheon
Captain Morgan,US Virgin Islands,captain-morgan
Cruzan,US Virgin Islands,cruzan
3 Queens Distillery,US Virgin Islands,3-queens-distillery
A.H. Riise,US Virgin Islands,a-h-riise
Isla Ñ Rum,Argentina,isla-n-rum
"Travellers Liquors, Ltd.",Belize,travellers-liquors-ltd
"L&R Liquors, Ltd.",Belize,l-r-liquors-ltd
"L&R Liquors, Ltd.",Belize,l-and-r-liquors-ltd
Oronoco Rum,Brazil,oronoco-rum
Señor Weber Rum,Brazil,senor-weber-rum
Parce,Colombia,parce
Dictador,Colombia,dictador
Ron de Caldas,Colombia,ron-de-caldas
Ron Medellín,Colombia,ron-medellin
Ron Hechicera,Colombia,ron-hechicera
Ron Santa Fé,Colombia,ron-santa-fe
Centenario,Costa Rica,centenario
Ron Cihuatán,El Salvador,ron-cihuatan
Ron Botran,Guatemala,ron-botran
Ron Zacapa,Guatemala,ron-zacapa
El Dorado,Guyana,el-dorado
Pyrat Rum,Guyana,pyrat-rum
Royal Rum,Guyana,royal-rum
Pirate's Grog Rum,Honduras,pirates-grog-rum
Ron Bacardí,Mexico,ron-bacardi
Ron Huasteco Potosí,Mexico,ron-huasteco-potosi
Ron La Gloria,Mexico,ron-la-gloria
Ron Macollo,Mexico,ron-macollo
Ron Mocambo,Mexico,ron-mocambo
Ron MK,Mexico,ron-mk
Ron Prohibido,Mexico,ron-prohibido
Alambique Serrano,Mexico,alambique-serrano
Flor de Caña,Nicaragua,flor-de-cana
Ron Mombacho,Nicaragua,ron-mombacho
Ron Zapatera,Nicaragua,ron-zapatera
Piquero - Premium rum spirit drink,Panama,piquero
ARÔME Rum,Panama,arome-rum
1914 Edicion Gatun Rum,Panama,1914-edicion-gatun-rum
Cabeza de Vaca Rum,Panama,cabeza-de-vaca-rum
El Puro Rum,Panama,el-puro-rum
Don Esteban Rum,Panama,don-esteban-rum
La Marelita Rum,Panama,la-marelita-rum
Isla de Cañas by Don Pancho Rum,Panama,isla-de-canas
Comandante Overproof Rum,Panama,comandante-overproof-rum
Portobelo Rum,Panama,portobelo-rum
Woldorff Private Cask Rum,Panama,woldorff-private-cask-rum
La Cruz Vintage 1981 Rum,Panama,la-cruz-vintage-1981-rum
Isla de Coiba Rum,Panama,isla-de-coiba-rum
Yolo Rum,Panama,yolo-rum
Contadora Rum,Panama,contadora-rum
Canalero Rum,Panama,canalero-rum
Casa Barú Rum,Panama,casa-baru-rum
Ron Durán,Panama,ron-duran
Calicos Crew Rum,Panama,calicos-crew-rum
Carta Vieja Rum,Panama,carta-vieja-rum
Pacifico Rum,Panama,pacifico-rum
Pedro Mandinga Rum,Panama,pedro-mandinga-rum
Bohemio Rum,Panama,bohemio-rum
Malecon Rum,Panama,malecon-rum
Ron El Galante,Panama,ron-el-galante
Ron Castelauro,Panama,ron-castelauro
Ron de Jeremy Rum,Panama,ron-de-jeremy-rum
Compañero Rum,Panama,companero-rum
Santa Rosa Rum,Panama,santa-rosa-rum
Panama Red Rum,Panama,panama-red-rum
Panama Pacific Rum,Panama,panama-pacific-rum
Cortez Rum,Panama,cortez-rum
Naud Rum,Panama,naud-rum
Isla del Ron Panama Rum,Panama,isla-del-ron-panama-rum
Zahara Rum,Panama,zahara-rum
Ron Panama Rum,Panama,ron-panama-rum
Nativo Rum,Panama,nativo-rum
Serum Rum,Panama,serum-rum
Kuna Rum,Panama,kuna-rum
Colibri Artesanal Rum,Panama,colibri-artesanal-rum
El Artesano Rum,Panama,el-artesano-rum
Grander Rum,Panama,grander-rum
Moko Rum,Panama,moko-rum
Bandita Rum,Panama,bandita-rum
El Legado Rum Elixir,Panama,el-legado-rum-elixir
Jumbie Rum,Panama,jumbie-rum
Caña Brava Rum,Panama,cana-brava-rum
Offrian Rum,Panama,offrian-rum
Panamonte Rum,Panama,panamonte-rum
Selva Rey Rum,Panama,selva-rey-rum
Origenes Don Pancho,Panama,origenes-don-pancho
Origenes Maja,Panama,origenes-maja
Ron Orígenes Don Pancho,Panama,ron-origenes-don-pancho
Ron Calero,Panama,ron-calero
Ron Cañalero,Panama,ron-canalero
Ron Zafra,Panama,ron-zafra
Ron Pedro Mandinga,Panama,ron-pedro-mandinga
Origenes Guazapa,Panama,origenes-guazapa
Ron Abuelo Varela Hermanos,Panama,ron-abuelo-varela-hermanos
Legado Organic Distillery,Paraguay,legado-organic-distillery
Jules Verne,Paraguay,jules-verne
Marianne de Paraguay,Paraguay,marianne-de-paraguay
Papagayo,Paraguay,papagayo
Cartavio,Peru,cartavio
Ron Millonario,Peru,ron-millonario
SAB Suriname Alcoholic Beverages N.V.,Suriname,sab-suriname-alcoholic-beverages-n-v
Suriname Alcoholic Beverages,Suriname,suriname-alcoholic-beverages
Cacique,Venezuela,cacique
Carúpano,Venezuela,carupano
Diplomático,Venezuela,diplomatico
Pampero,Venezuela,pampero
El Muco,Venezuela,el-muco
Ocumare,Venezuela,ocumare
Veroes,Venezuela,veroes
Dinastia,Venezuela,dinastia
Ron Santa Teresa,Venezuela,ron-santa-teresa
Ron Roble Viejo,Venezuela,ron-roble-viejo
Barrica,Venezuela,barrica
Stroh – flavored rum,Austria,stroh
Božkov Republica Exclusive,Czech Republic,bozkov-republica-exclusive
Maison Ferrand,France,maison-ferrand
"Drink Tank Ltd. – the producer of Tank Rum, distilled on the Réunion Island in the south Indian Ocean , thus Tank Rum is a "" Product of France """,France,drink-tank-ltd
Tank Rum,France,tank-rum
BOWS Distillery,France,bows-distillery
Distillery O'Baptiste,France,distillery-obaptiste
Pott,Germany,pott
Zuidam,The Netherlands,zuidam
Rummieclub,The Netherlands,rummieclub
Ron Montero,Spain,ron-montero
Ron Aldea,Spain,ron-aldea
Ron Guajiro,Spain,ron-guajiro
Arehucas,Spain,arehucas
Dead Man's Fingers,United Kingdom,dead-mans-fingers
Gosling Brothers,Bermuda,gosling-brothers
Newfoundland Screech,Canada,newfoundland-screech
Ironworks Distillery,Canada,ironworks-distillery
Nova Scotia Spirit Co.,Canada,nova-scotia-spirit-co
Wayward Distillation House,Canada,wayward-distillation-house
Chic Choc,Canada,chic-choc
Desert Diamond Distillery home of Gold Miner Spirits,Arizona,desert-diamond-distillery
Grand Canyon Distillery,Arizona,grand-canyon-distillery
California Spirits Co.,California,california-spirits-co
Charbay Distillery,California,charbay-distillery
Cutwater Spirits,California,cutwater-spirits
Lost Spirits,California,lost-spirits
Malahat Spirits,California,malahat-spirits
Old Harbor Distilling,California,old-harbor-distilling
Selvarey Rum,California,selvarey-rum
Shadow Ridge Spirit Company,California,shadow-ridge-spirit-company
Connecticut Valley Distillery,Connecticut,connecticut-valley-distillery
Dogfish Head,Delaware,dogfish-head
Black Coral Rum,Florida,black-coral-rum
Chef Distilled,Florida,chef-distilled
Hemingway Rum Company,Florida,hemingway-rum-company
Rumcojones,Florida,rumcojones
Siesta Key Rum,Florida,siesta-key-rum
Alligator Bay Distillers,Florida,alligator-bay-distillers
Florida Mermaid Rum from NJoy Spirits Distillery,Florida,florida-mermaid-rum
Richland Distilling Company,Georgia,richland-distilling-company
"Kuleana Rum Shack at Queens’ MarketPlace Waikoloa Village, Hawaii Kuleana Rum Works",Hawaii,kuleana-rum-shack
Koloa Rum,Hawaii,koloa-rum
Maui Dark Rum,Hawaii,maui-dark-rum
Best Distillery,Indiana,best-distillery
Artisan Grain Rum,Iowa,artisan-grain-rum
Jean Baptiste Rum,Louisiana,jean-baptiste-rum
Three Roll Estate,Louisiana,three-roll-estate
Bayou Rum,Louisiana,bayou-rum
Donner-Peltier Distillers,Louisiana,donner-peltier-distillers
Old New Orleans Rum,Louisiana,old-new-orleans-rum
Porchjam Distillery/Cheramie Rum,Louisiana,porchjam-distillery
Porchjam Distillery/Cheramie Rum,Louisiana,cheramie-rum
New England Distilling,Maine,new-england-distilling
Bartlett Spirits of Maine,Maine,bartlett-spirits-of-maine
Wiggly Bridge Distillery,Maine,wiggly-bridge-distillery
Maine Craft Distilling,Maine,maine-craft-distilling
Lyon Distilling Company,Maryland,lyon-distilling-company
Seacrets Distilling Company,Maryland,seacrets-distilling-company
Boston Harbor Distillery,Massachusetts,boston-harbor-distillery
Berkshire Mountain Distillers,Massachusetts,berkshire-mountain-distillers
Triple Eight Distillery,Massachusetts,triple-eight-distillery
Bully Boy Distillers,Massachusetts,bully-boy-distillers
GrandTen Distilling,Massachusetts,grandten-distilling
Deacon Giles Distillery,Massachusetts,deacon-giles-distillery
Short Path Distillery,Massachusetts,short-path-distillery
Rumson's,Massachusetts,rumsons
Privateer,Massachusetts,privateer
South Hollow Spirits,Massachusetts,south-hollow-spirits
Ugly Dog Distillery,Michigan,ugly-dog-distillery
Tall Ship Distillery,New Hampshire,tall-ship-distillery
Cooper River Distillers,New Jersey,cooper-river-distillers
Van Brunt Stillhouse,New York,van-brunt-stillhouse
The Noble Experiment,New York,the-noble-experiment
Broadslab Distillery,North Carolina,broadslab-distillery
Lassiter Distilling Company,North Carolina,lassiter-distilling-company
Muddy River Distillery,North Carolina,muddy-river-distillery
Outer Banks Distilling,North Carolina,outer-banks-distilling
Raleigh Rum Company,North Carolina,raleigh-rum-company
Rogue Spirits,Oregon,rogue-spirits
Stillwagon Distillery,Oregon,stillwagon-distillery
Big Springs Spirits,Pennsylvania,big-springs-spirits
Bluebird Distilling,Pennsylvania,bluebird-distilling
Maggie's Farm Rum,Pennsylvania,maggies-farm-rum
Manatawny Still Works,Pennsylvania,manatawny-still-works
Coastal Extreme Brewing Company,Rhode Island,coastal-extreme-brewing-company
Carolina Moon Distillery,South Carolina,carolina-moon-distillery
Copperhead Mountain Distillery,South Carolina,copperhead-mountain-distillery
Copper Horse Distilling,South Carolina,copper-horse-distilling
Daufuskie Island Rum Company,South Carolina,daufuskie-island-rum-company
Firefly Distillery,South Carolina,firefly-distillery
High Wire Distilling,South Carolina,high-wire-distilling
JAKAL Distillery,South Carolina,jakal-distillery
Motte and Sons Bootlegging Co.,South Carolina,motte-and-sons-bootlegging-co
Striped Pig Distillery,South Carolina,striped-pig-distillery
Prichard's Fine Rum,Tennessee,prichards-fine-rum
Railean Rum,Texas,railean-rum
Dunc's Mill,Vermont,duncs-mill
Mad River Distillers,Vermont,mad-river-distillers
Lamb's,Rum brands present in several countries,lambs
Rhum Plantation,Rum brands present in several countries,rhum-plantation
Rum Nation,Rum brands present in several countries,rum-nation
