brand,category,keyword
Alberta Premium,whisky,alberta-premium
Alberta Springs,whisky,alberta-springs
Canadian Club,whisky,canadian-club
CEO,whisky,ceo
Crown Royal,whisky,crown-royal
Forty Creek,whisky,forty-creek
JP Wiser's,whisky,jp-wisers
Lot 40,whisky,lot-40
Macaloney’s,whisky,macaloneys
Pendleton,whisky,pendleton
Red Bank,whisky,red-bank
Royal Canadian,whisky,royal-canadian
Signal Hill,whisky,signal-hill
Two Brewers,whisky,two-brewers
Aelred,Vermouth and Aperitif,aelred
Aker,Vermouth and Aperitif,aker
Angostura,Vermouth and Aperitif,angostura
Antica,Vermouth and Aperitif,antica
Antica Formula,Vermouth and Aperitif,antica-formula
Aperol,Vermouth and Aperitif,aperol
Asterley Bros,Vermouth and Aperitif,asterley-bros
Astigiana,Vermouth and Aperitif,astigiana
Azaline,Vermouth and Aperitif,azaline
Baldoria,Vermouth and Aperitif,baldoria
Barbadillo,Vermouth and Aperitif,barbadillo
Beesou,Vermouth and Aperitif,beesou
Bepi Tosolini,Vermouth and Aperitif,bepi-tosolini
Bisleri,Vermouth and Aperitif,bisleri
Bonanto,Vermouth and Aperitif,bonanto
Bonavida,Vermouth and Aperitif,bonavida
Bordeaux,Vermouth and Aperitif,bordeaux
Branca,Vermouth and Aperitif,branca
Breckenridge,Vermouth and Aperitif,breckenridge
Byrrh,Vermouth and Aperitif,byrrh
Calissano,Vermouth and Aperitif,calissano
Campari,Vermouth and Aperitif,campari
Carpano,Vermouth and Aperitif,carpano
Chazalettes,Vermouth and Aperitif,chazalettes
Christian Drouin,Vermouth and Aperitif,christian-drouin
Cinzano,Vermouth and Aperitif,cinzano
CioCiaro,Vermouth and Aperitif,ciociaro
Clacquesin,Vermouth and Aperitif,clacquesin
Cocchi,Vermouth and Aperitif,cocchi
Colazingari,Vermouth and Aperitif,colazingari
Contratto,Vermouth and Aperitif,contratto
Cucielo,Vermouth and Aperitif,cucielo
Del Professore,Vermouth and Aperitif,del-professore
DI Wine,Vermouth and Aperitif,di-wine
Discarded,Vermouth and Aperitif,discarded
Distillerie de Grandmont,Vermouth and Aperitif,distillerie-de-grandmont
Dolin,Vermouth and Aperitif,dolin
Domaine de la Flaguerie,Vermouth and Aperitif,domaine-de-la-flaguerie
Doppelganger,Vermouth and Aperitif,doppelganger
Doragrossa,Vermouth and Aperitif,doragrossa
Dubonnet,Vermouth and Aperitif,dubonnet
El Bandara,Vermouth and Aperitif,el-bandara
El Bandarra,Vermouth and Aperitif,el-bandarra
Express Rosso,Vermouth and Aperitif,express-rosso
Farmily,Vermouth and Aperitif,farmily
Fernando de Castilla,Vermouth and Aperitif,fernando-de-castilla
Fernet Vallet,Vermouth and Aperitif,fernet-vallet
Florita,Vermouth and Aperitif,florita
Forest Spirits,Vermouth and Aperitif,forest-spirits
Gancia,Vermouth and Aperitif,gancia
Gentiane De Lure,Vermouth and Aperitif,gentiane-de-lure
Gonzalez Byass,Vermouth and Aperitif,gonzalez-byass
Gordon's,Vermouth and Aperitif,gordons
Jacopo Poli,Vermouth and Aperitif,jacopo-poli
Jean-Luc Pasquet,Vermouth and Aperitif,jean-luc-pasquet
Junique,Vermouth and Aperitif,junique
Karven,Vermouth and Aperitif,karven
Kelley Fox,Vermouth and Aperitif,kelley-fox
Krupnik,Vermouth and Aperitif,krupnik
La Fuerza,Vermouth and Aperitif,la-fuerza
La Quintinye,Vermouth and Aperitif,la-quintinye
Levi,Vermouth and Aperitif,levi
Levi Serafino,Vermouth and Aperitif,levi-serafino
Lillet,Vermouth and Aperitif,lillet
Lucano,Vermouth and Aperitif,lucano
Lustau,Vermouth and Aperitif,lustau
Luxardo,Vermouth and Aperitif,luxardo
Mancino,Vermouth and Aperitif,mancino
Martini,Vermouth and Aperitif,martini
Mattei,Vermouth and Aperitif,mattei
Melonade,Vermouth and Aperitif,melonade
Midi,Vermouth and Aperitif,midi
Mondino,Vermouth and Aperitif,mondino
Montenegro,Vermouth and Aperitif,montenegro
Mousehall,Vermouth and Aperitif,mousehall
Mulassano,Vermouth and Aperitif,mulassano
Nardini,Vermouth and Aperitif,nardini
Neumeister,Vermouth and Aperitif,neumeister
Noilly Prat,Vermouth and Aperitif,noilly-prat
Nonino,Vermouth and Aperitif,nonino
Nunquam,Vermouth and Aperitif,nunquam
Otto's,Vermouth and Aperitif,ottos
Pampelle,Vermouth and Aperitif,pampelle
Pere Magloire,Vermouth and Aperitif,pere-magloire
Peychaud's,Vermouth and Aperitif,peychauds
Picon,Vermouth and Aperitif,picon
Pimm's,Vermouth and Aperitif,pimms
Pomelle,Vermouth and Aperitif,pomelle
Punt e Mes,Vermouth and Aperitif,punt-e-mes
Quaglia,Vermouth and Aperitif,quaglia
Quaglia Berto,Vermouth and Aperitif,quaglia-berto
Regal Rogue,Vermouth and Aperitif,regal-rogue
Remi Landier,Vermouth and Aperitif,remi-landier
Rinomato,Vermouth and Aperitif,rinomato
RinQuinQuin,Vermouth and Aperitif,rinquinquin
Riot+Wilde,Vermouth and Aperitif,riot-wilde
Sacred,Vermouth and Aperitif,sacred
Sagrado,Vermouth and Aperitif,sagrado
Santoni,Vermouth and Aperitif,santoni
Sarti,Vermouth and Aperitif,sarti
Savoia,Vermouth and Aperitif,savoia
Scarpa,Vermouth and Aperitif,scarpa
Select,Vermouth and Aperitif,select
Sipello,Vermouth and Aperitif,sipello
Sollasa,Vermouth and Aperitif,sollasa
Somerset,Vermouth and Aperitif,somerset
Sommer,Vermouth and Aperitif,sommer
St Raphael,Vermouth and Aperitif,st-raphael
Stockholms Bränneri,Vermouth and Aperitif,stockholms-branneri
Stork Club,Vermouth and Aperitif,stork-club
Super Cattivo,Vermouth and Aperitif,super-cattivo
Suze,Vermouth and Aperitif,suze
Tempus Fugit,Vermouth and Aperitif,tempus-fugit
The Aperitivo Co,Vermouth and Aperitif,the-aperitivo-co
The London,Vermouth and Aperitif,the-london
Torres,Vermouth and Aperitif,torres
Turin,Vermouth and Aperitif,turin
Vault,Vermouth and Aperitif,vault
Vecchio,Vermouth and Aperitif,vecchio
Vreimuth,Vermouth and Aperitif,vreimuth
Vya,Vermouth and Aperitif,vya
William Hinton,Vermouth and Aperitif,william-hinton
Zucca,Vermouth and Aperitif,zucca
Adam Elmegirab,Bitters,adam-elmegirab
Amargo Chuncho,Bitters,amargo-chuncho
Angostura,Bitters,angostura
Bitter Bastards,Bitters,bitter-bastards
Bitter Queens,Bitters,bitter-queens
Bitter Truth,Bitters,bitter-truth
Bittermens,Bitters,bittermens
Bob's,Bitters,bobs
Dale DeGroff,Bitters,dale-degroff
Dillon's,Bitters,dillons
Droplets,Bitters,droplets
Fee Brothers,Bitters,fee-brothers
Ferdinand's,Bitters,ferdinands
Fortified London,Bitters,fortified-london
Linden Leaf,Bitters,linden-leaf
Miracle Mile,Bitters,miracle-mile
Ms Better's,Bitters,ms-betters
Off the Cuffee,Bitters,off-the-cuffee
Peychaud's,Bitters,peychauds
Regans',Bitters,regans
Saint James,Bitters,saint-james
Santa Bianca,Bitters,santa-bianca
Scrappy's,Bitters,scrappys
Seiers,Bitters,seiers
The Japanese,Bitters,the-japanese
Three Families,Bitters,three-families
ABK6,Liqueurs,abk6
Absente,Liqueurs,absente
Acqua Bianca,Liqueurs,acqua-bianca
Adriatico,Liqueurs,adriatico
Aelred,Liqueurs,aelred
Agwa,Liqueurs,agwa
Akashi-Tai,Liqueurs,akashi-tai
Algebra,Liqueurs,algebra
Alma Finca,Liqueurs,alma-finca
Aluna,Liqueurs,aluna
Amargo,Liqueurs,amargo
Amendoa Amarga Amerlinha,Liqueurs,amendoa-amarga-amerlinha
Ancho Reyes,Liqueurs,ancho-reyes
Antica,Liqueurs,antica
Archers,Liqueurs,archers
Arhumatic,Liqueurs,arhumatic
Arran,Liqueurs,arran
Asbach,Liqueurs,asbach
Audemus,Liqueurs,audemus
Aurum,Liqueurs,aurum
Axia,Liqueurs,axia
Baileys,Liqueurs,baileys
Balcones,Liqueurs,balcones
Bardinet,Liqueurs,bardinet
Bärenjäger,Liqueurs,barenjager
Beirao,Liqueurs,beirao
Benedictine,Liqueurs,benedictine
Bepi Tosolini,Liqueurs,bepi-tosolini
Berentzen,Liqueurs,berentzen
Bernal,Liqueurs,bernal
Bernard,Liqueurs,bernard
Bigallet,Liqueurs,bigallet
Bitter,Liqueurs,bitter
Bitter Truth,Liqueurs,bitter-truth
Bittermens,Liqueurs,bittermens
Blend,Liqueurs,blend
Boatyard,Liqueurs,boatyard
Bols,Liqueurs,bols
Borghetti,Liqueurs,borghetti
Born Irish,Liqueurs,born-irish
Bounty,Liqueurs,bounty
Bourg,Liqueurs,bourg
Bouvery,Liqueurs,bouvery
Braastad,Liqueurs,braastad
Brillet,Liqueurs,brillet
Briottet,Liqueurs,briottet
Broken Bones,Liqueurs,broken-bones
Bruadar,Liqueurs,bruadar
Brunette,Liqueurs,brunette
Buffalo Trace,Liqueurs,buffalo-trace
Bumbu,Liqueurs,bumbu
Burnt Faith,Liqueurs,burnt-faith
Buton,Liqueurs,buton
Cadello 88,Liqueurs,cadello-88
Campari,Liqueurs,campari
Cantine del Cardinale,Liqueurs,cantine-del-cardinale
Cardenal Mendoza,Liqueurs,cardenal-mendoza
Carlshamns,Liqueurs,carlshamns
Cartron,Liqueurs,cartron
Carvo,Liqueurs,carvo
Casoni,Liqueurs,casoni
Cazanove,Liqueurs,cazanove
Cazcabel,Liqueurs,cazcabel
Chamarel,Liqueurs,chamarel
Chambord,Liqueurs,chambord
Chartreuse,Liqueurs,chartreuse
Cherry Heering,Liqueurs,cherry-heering
Chinola,Liqueurs,chinola
Chopin,Liqueurs,chopin
Choya,Liqueurs,choya
Cinzano,Liqueurs,cinzano
Clacquesin,Liqueurs,clacquesin
Clase Azul,Liqueurs,clase-azul
Clement,Liqueurs,clement
Clyde May's,Liqueurs,clyde-mays
Cointreau,Liqueurs,cointreau
Colazingari,Liqueurs,colazingari
Combier,Liqueurs,combier
Conker,Liqueurs,conker
Coole Swan,Liqueurs,coole-swan
Costieragrumi,Liqueurs,costieragrumi
Cotswolds,Liqueurs,cotswolds
Cristinalda,Liqueurs,cristinalda
Crown Royal,Liqueurs,crown-royal
Cusenier,Liqueurs,cusenier
Cynar,Liqueurs,cynar
Da Mhile,Liqueurs,da-mhile
D'Aristi,Liqueurs,daristi
Dark Matter,Liqueurs,dark-matter
De Kuyper,Liqueurs,de-kuyper
Dead Man's Fingers,Liqueurs,dead-mans-fingers
Deadhead,Liqueurs,deadhead
Devil's Botany,Liqueurs,devils-botany
Dirty Cow,Liqueurs,dirty-cow
Disaronno,Liqueurs,disaronno
Distillerie de Grandmont,Liqueurs,distillerie-de-grandmont
Doragrossa,Liqueurs,doragrossa
Dorda,Liqueurs,dorda
Dr. Hostetter's,Liqueurs,dr-hostetters
Drambuie,Liqueurs,drambuie
Dubliner,Liqueurs,dubliner
Duru Brewery,Liqueurs,duru-brewery
Edinburgh,Liqueurs,edinburgh
Edradour,Liqueurs,edradour
El Hispano,Liqueurs,el-hispano
Elephant,Liqueurs,elephant
Elisir,Liqueurs,elisir
Ellers Farm,Liqueurs,ellers-farm
Escarchado,Liqueurs,escarchado
Essentiae,Liqueurs,essentiae
Evangelista,Liqueurs,evangelista
Eve,Liqueurs,eve
Fabio Goti,Liqueurs,fabio-goti
Fair,Liqueurs,fair
Fallen Angel,Liqueurs,fallen-angel
Ferdinands,Liqueurs,ferdinands
Ferrand,Liqueurs,ferrand
Fiorente,Liqueurs,fiorente
Fireball,Liqueurs,fireball
Firefly,Liqueurs,firefly
Five Farms,Liqueurs,five-farms
Flor de Cana,Liqueurs,flor-de-cana
Florida,Liqueurs,florida
Fortunella,Liqueurs,fortunella
Foucras,Liqueurs,foucras
Frangelico,Liqueurs,frangelico
Gabriel Boudier,Liqueurs,gabriel-boudier
Galliano,Liqueurs,galliano
Gammel Dansk,Liqueurs,gammel-dansk
Gator Bite,Liqueurs,gator-bite
Gattertop,Liqueurs,gattertop
Genepi d'Armoises,Liqueurs,genepi-darmoises
Giffard,Liqueurs,giffard
Glayva,Liqueurs,glayva
Glen Mist,Liqueurs,glen-mist
Glenfiddich,Liqueurs,glenfiddich
Goldschlager,Liqueurs,goldschlager
Gordon's,Liqueurs,gordons
Gran Marnier,Liqueurs,gran-marnier
Granada Vallet,Liqueurs,granada-vallet
Grand Brulot,Liqueurs,grand-brulot
Grand Marnier,Liqueurs,grand-marnier
Grosperrin,Liqueurs,grosperrin
G'Vine,Liqueurs,gvine
Havana Club,Liqueurs,havana-club
Hayman's,Liqueurs,haymans
Heering,Liqueurs,heering
Hernö,Liqueurs,herno
High Fidelity,Liqueurs,high-fidelity
Highland Nectar,Liqueurs,highland-nectar
Hpnotiq,Liqueurs,hpnotiq
Huana,Liqueurs,huana
Irish Mist,Liqueurs,irish-mist
Irish Velvet,Liqueurs,irish-velvet
Italicus,Liqueurs,italicus
Izarra,Liqueurs,izarra
Jack Daniel's,Liqueurs,jack-daniels
Jacopo Poli,Liqueurs,jacopo-poli
Jade,Liqueurs,jade
Jagermeister,Liqueurs,jagermeister
JavaMur,Liqueurs,javamur
Jawbox,Liqueurs,jawbox
Jim Beam,Liqueurs,jim-beam
John O'Groat's,Liqueurs,john-ogroats
Johnnie Walker,Liqueurs,johnnie-walker
Kahlúa,Liqueurs,kahlua
Kakuzo,Liqueurs,kakuzo
Kalani,Liqueurs,kalani
Kanoniczy,Liqueurs,kanoniczy
Kaveri,Liqueurs,kaveri
Khoosh,Liqueurs,khoosh
Killowen,Liqueurs,killowen
King's Ginger,Liqueurs,kings-ginger
Kleiner Feigling,Liqueurs,kleiner-feigling
Kleos,Liqueurs,kleos
Koskenkorva,Liqueurs,koskenkorva
Kota,Liqueurs,kota
Krupnik,Liqueurs,krupnik
Kwai Feh,Liqueurs,kwai-feh
La,Liqueurs,la
La Grande Josiane,Liqueurs,la-grande-josiane
La Maison Fontaine,Liqueurs,la-maison-fontaine
La Matcha,Liqueurs,la-matcha
La Vida Tropica,Liqueurs,la-vida-tropica
Lanique,Liqueurs,lanique
Lapponia,Liqueurs,lapponia
Lazzaroni,Liqueurs,lazzaroni
Le Verger,Liqueurs,le-verger
Legendario,Liqueurs,legendario
Legendre,Liqueurs,legendre
Lejay Lagoute,Liqueurs,lejay-lagoute
Licor 43,Liqueurs,licor-43
L'Ile Supreme,Liqueurs,lile-supreme
Limoncello di Capri,Liqueurs,limoncello-di-capri
Lindisfarne,Liqueurs,lindisfarne
Liquori Dell'Etna,Liqueurs,liquori-delletna
Lubberhuizen & Raaff,Liqueurs,lubberhuizen-raaff
Lubberhuizen & Raaff,Liqueurs,lubberhuizen-and-raaff
Luxardo,Liqueurs,luxardo
Malibu,Liqueurs,malibu
Mamma Mia,Liqueurs,mamma-mia
Mandarine,Liqueurs,mandarine
Mandarine Napoleon,Liqueurs,mandarine-napoleon
Manly Spirits,Liqueurs,manly-spirits
Maraska,Liqueurs,maraska
Marie Brizard,Liqueurs,marie-brizard
Martini,Liqueurs,martini
Massenez,Liqueurs,massenez
Mastia,Liqueurs,mastia
Masumi,Liqueurs,masumi
Melonade,Liqueurs,melonade
Mentzendorff,Liqueurs,mentzendorff
Merlet,Liqueurs,merlet
Metaxa,Liqueurs,metaxa
Miclo,Liqueurs,miclo
Midnight Oil,Liqueurs,midnight-oil
Midori,Liqueurs,midori
Molinari,Liqueurs,molinari
Monkey 47,Liqueurs,monkey-47
Mouse Kingdom,Liqueurs,mouse-kingdom
Mozart,Liqueurs,mozart
Mr Black,Liqueurs,mr-black
Muyu,Liqueurs,muyu
Narano,Liqueurs,narano
Nardini,Liqueurs,nardini
New Grove,Liqueurs,new-grove
Nixta,Liqueurs,nixta
No Name,Liqueurs,no-name
Noix de la Saint Jean,Liqueurs,noix-de-la-saint-jean
Nuet,Liqueurs,nuet
Nunquam,Liqueurs,nunquam
Nusbaumer,Liqueurs,nusbaumer
Okar,Liqueurs,okar
Old Sailor,Liqueurs,old-sailor
Onilikan,Liqueurs,onilikan
Outlier,Liqueurs,outlier
Pages,Liqueurs,pages
Pallini,Liqueurs,pallini
Pama,Liqueurs,pama
Parafante,Liqueurs,parafante
Passoa,Liqueurs,passoa
Pataka,Liqueurs,pataka
Patron,Liqueurs,patron
Percy Warmer,Liqueurs,percy-warmer
Pernod,Liqueurs,pernod
Peter Heering,Liqueurs,peter-heering
Pierre Ferrand,Liqueurs,pierre-ferrand
Pietro Nicola,Liqueurs,pietro-nicola
Pisang Ambon,Liqueurs,pisang-ambon
Pleasant Land,Liqueurs,pleasant-land
Plymouth,Liqueurs,plymouth
Podere,Liqueurs,podere
Ponche Leao,Liqueurs,ponche-leao
Portobello Road,Liqueurs,portobello-road
Prucia,Liqueurs,prucia
Prunier,Liqueurs,prunier
Pumpkin Potion,Liqueurs,pumpkin-potion
Puschkin,Liqueurs,puschkin
Quaglia,Liqueurs,quaglia
Ramazzotti,Liqueurs,ramazzotti
Reefton,Liqueurs,reefton
Revel Stoke,Liqueurs,revel-stoke
Riserva Carlo Alberto,Liqueurs,riserva-carlo-alberto
Ron Aguere,Liqueurs,ron-aguere
Roots,Liqueurs,roots
RumChata,Liqueurs,rumchata
RumJava,Liqueurs,rumjava
Ruta Maya,Liqueurs,ruta-maya
S.A Freund Ballor,Liqueurs,s-a-freund-ballor
Sacred,Liqueurs,sacred
Safari,Liqueurs,safari
Satryna,Liqueurs,satryna
Shanky's Whip,Liqueurs,shankys-whip
Sheep Dog,Liqueurs,sheep-dog
Sheridan's,Liqueurs,sheridans
Sipsmith,Liqueurs,sipsmith
Sisca,Liqueurs,sisca
Skinos,Liqueurs,skinos
Smokehouse,Liqueurs,smokehouse
Somerset,Liqueurs,somerset
Somerset Cider Brandy Company,Liqueurs,somerset-cider-brandy-company
Sourz,Liqueurs,sourz
Southern Comfort,Liqueurs,southern-comfort
St Aubin,Liqueurs,st-aubin
St Germain,Liqueurs,st-germain
St Michel,Liqueurs,st-michel
Stag's Breath,Liqueurs,stags-breath
Stolen X,Liqueurs,stolen-x
Strega,Liqueurs,strega
Sunset,Liqueurs,sunset
Suze,Liqueurs,suze
Takamaka,Liqueurs,takamaka
Tempus Fugit,Liqueurs,tempus-fugit
The Aperitivo Co,Liqueurs,the-aperitivo-co
The Japanese,Liqueurs,the-japanese
The Norfolk Selection,Liqueurs,the-norfolk-selection
Thunder,Liqueurs,thunder
Tia Maria,Liqueurs,tia-maria
Trinta e Cinco,Liqueurs,trinta-e-cinco
Tuaca,Liqueurs,tuaca
Two Stacks,Liqueurs,two-stacks
Ume No Yado,Liqueurs,ume-no-yado
Ursus,Liqueurs,ursus
Vallein-Tercinier,Liqueurs,vallein-tercinier
Van Wees,Liqueurs,van-wees
Vapor,Liqueurs,vapor
Vedrenne,Liqueurs,vedrenne
Velvet Falernum,Liqueurs,velvet-falernum
Vieille Cure,Liqueurs,vieille-cure
Villa Zarri,Liqueurs,villa-zarri
Vincente Bosch,Liqueurs,vincente-bosch
Vivir,Liqueurs,vivir
Warninks,Liqueurs,warninks
Whistler,Liqueurs,whistler
White Heron,Liqueurs,white-heron
Wray & Nephew,Liqueurs,wray-nephew
Wray & Nephew,Liqueurs,wray-and-nephew
Wyborowa,Liqueurs,wyborowa
Xanté,Liqueurs,xante
Zuidam,Liqueurs,zuidam
Arette,Tequila,arette
Arquitecto,Tequila,arquitecto
ArteNOM,Tequila,artenom
Avion,Tequila,avion
Batanga,Tequila,batanga
Butterfly Cannon,Tequila,butterfly-cannon
Caballo Negro,Tequila,caballo-negro
Cabo Wabo,Tequila,cabo-wabo
Cabrito,Tequila,cabrito
Calle 23,Tequila,calle-23
Casa De Hamsa,Tequila,casa-de-hamsa
Casa Dragones,Tequila,casa-dragones
Casa Noble,Tequila,casa-noble
Casa Pecados,Tequila,casa-pecados
Casamigos,Tequila,casamigos
Cascahuin,Tequila,cascahuin
Casino,Tequila,casino
Cazadores,Tequila,cazadores
Cazcabel,Tequila,cazcabel
Cenote,Tequila,cenote
Centinela,Tequila,centinela
Cimarron,Tequila,cimarron
Cincoro,Tequila,cincoro
Clase Azul,Tequila,clase-azul
Coa de Jima,Tequila,coa-de-jima
Codigo,Tequila,codigo
Codigo 1530,Tequila,codigo-1530
Corazon,Tequila,corazon
Corralejo,Tequila,corralejo
Curado,Tequila,curado
Defrente,Tequila,defrente
Desdeya,Tequila,desdeya
Don Fulano,Tequila,don-fulano
Don Julio,Tequila,don-julio
El Caballo Estrella,Tequila,el-caballo-estrella
El Jimador,Tequila,el-jimador
El Mayor,Tequila,el-mayor
El Rayo,Tequila,el-rayo
El Sueno,Tequila,el-sueno
El Tequileno,Tequila,el-tequileno
Enemigo,Tequila,enemigo
Fortaleza,Tequila,fortaleza
G4,Tequila,g4
Gran Centenario,Tequila,gran-centenario
Gran Orendain,Tequila,gran-orendain
Hermana,Tequila,hermana
Herradura,Tequila,herradura
Jose Cuervo,Tequila,jose-cuervo
KAH,Tequila,kah
Komos,Tequila,komos
Lala,Tequila,lala
Lost Explorer,Tequila,lost-explorer
Lunazul,Tequila,lunazul
Madre,Tequila,madre
Maestro,Tequila,maestro
Maestro Dobel,Tequila,maestro-dobel
Mayaciel,Tequila,mayaciel
Mi Campo,Tequila,mi-campo
Mijenta,Tequila,mijenta
Milagro,Tequila,milagro
Oceano,Tequila,oceano
Oceano Azul,Tequila,oceano-azul
Ocho,Tequila,ocho
Ocho Blanco,Tequila,ocho-blanco
Olmeca,Tequila,olmeca
Orendain,Tequila,orendain
Pa' Todos,Tequila,pa-todos
Patron,Tequila,patron
Porfidio,Tequila,porfidio
Raza Azteca,Tequila,raza-azteca
Reserva Del Senor,Tequila,reserva-del-senor
Revel,Tequila,revel
Rooster Rojo,Tequila,rooster-rojo
Satryna,Tequila,satryna
Sauza,Tequila,sauza
Storywood,Tequila,storywood
SU,Tequila,su
Suave,Tequila,suave
Tapatio,Tequila,tapatio
Tears of Llorona,Tequila,tears-of-llorona
Teremana,Tequila,teremana
Terralta,Tequila,terralta
Tiempo,Tequila,tiempo
Tierra Noble,Tequila,tierra-noble
Vivir,Tequila,vivir
Volcan De Mi Tierra,Tequila,volcan-de-mi-tierra
Zarza,Tequila,zarza
Absolut,Vodka,absolut
Aivy,Vodka,aivy
Altamura,Vodka,altamura
Arbikie,Vodka,arbikie
Assaranca,Vodka,assaranca
Aval Dor,Vodka,aval-dor
Avokado,Vodka,avokado
Babicka,Vodka,babicka
Baczewski,Vodka,baczewski
Badachro,Vodka,badachro
Balkan,Vodka,balkan
Ballast Point,Vodka,ballast-point
Baller,Vodka,baller
Beluga,Vodka,beluga
Belvedere,Vodka,belvedere
Bimber,Vodka,bimber
Black Cow,Vodka,black-cow
Blavod,Vodka,blavod
Bleu Roc,Vodka,bleu-roc
Blu Lie,Vodka,blu-lie
Boatyard,Vodka,boatyard
Bone Idyll,Vodka,bone-idyll
Brennen & Brown,Vodka,brennen-brown
Brennen & Brown,Vodka,brennen-and-brown
Broken Clock,Vodka,broken-clock
Cambridge,Vodka,cambridge
Cariel,Vodka,cariel
Carvia,Vodka,carvia
Chase,Vodka,chase
Chopin,Vodka,chopin
Ciroc,Vodka,ciroc
Connie Glaze,Vodka,connie-glaze
Cossack,Vodka,cossack
Cracovia,Vodka,cracovia
Crystal Head,Vodka,crystal-head
Degen,Vodka,degen
Desi Daru,Vodka,desi-daru
Dingle,Vodka,dingle
Discarded,Vodka,discarded
Dockyard,Vodka,dockyard
Dry Fly,Vodka,dry-fly
East London Liquor,Vodka,east-london-liquor
Edwards,Vodka,edwards
Eiko,Vodka,eiko
Ellers Farm,Vodka,ellers-farm
Eristoff,Vodka,eristoff
Eristow,Vodka,eristow
Eve,Vodka,eve
Fair,Vodka,fair
Fallen Angel,Vodka,fallen-angel
Finlandia,Vodka,finlandia
Firestarter,Vodka,firestarter
Gattertop,Vodka,gattertop
General John Stark,Vodka,general-john-stark
Golden Egg,Vodka,golden-egg
Green Moon,Vodka,green-moon
Grey Goose,Vodka,grey-goose
Haku,Vodka,haku
Hangar One,Vodka,hangar-one
Harlan D Wheatley,Vodka,harlan-d-wheatley
Helix,Vodka,helix
Hepple,Vodka,hepple
Iceberg,Vodka,iceberg
Impuls,Vodka,impuls
Jeptha Creed,Vodka,jeptha-creed
JJ Whitley,Vodka,jj-whitley
Kakira,Vodka,kakira
Kalak,Vodka,kalak
Kavka,Vodka,kavka
Ketel One,Vodka,ketel-one
Konik's Tail,Vodka,koniks-tail
Koskenkorva,Vodka,koskenkorva
Krupnik,Vodka,krupnik
Le Philtre,Vodka,le-philtre
Manly Spirits,Vodka,manly-spirits
Meili,Vodka,meili
Mermaid,Vodka,mermaid
Mikkeller,Vodka,mikkeller
Mikolasch,Vodka,mikolasch
Moskovskaya,Vodka,moskovskaya
Mothaiba,Vodka,mothaiba
Mousehall,Vodka,mousehall
Nikka,Vodka,nikka
One,Vodka,one
Orkisz,Vodka,orkisz
Oyester 44,Vodka,oyester-44
Pau Maui,Vodka,pau-maui
Pienaar and Son,Vodka,pienaar-and-son
Pod,Vodka,pod
Portobello Road,Vodka,portobello-road
Potocki,Vodka,potocki
Pravda,Vodka,pravda
Precious,Vodka,precious
Ramsbury,Vodka,ramsbury
Respirited,Vodka,respirited
Retribution,Vodka,retribution
Reyka,Vodka,reyka
Rutte,Vodka,rutte
Sacred,Vodka,sacred
Sapling,Vodka,sapling
Sausage Tree,Vodka,sausage-tree
Sauvelle,Vodka,sauvelle
SC Dogs,Vodka,sc-dogs
Silver Circle,Vodka,silver-circle
Sipsmith,Vodka,sipsmith
Skyy,Vodka,skyy
Smirnoff,Vodka,smirnoff
Spirit of Hven,Vodka,spirit-of-hven
Spirytus,Vodka,spirytus
Square One,Vodka,square-one
St George,Vodka,st-george
Staritsky Levitsky,Vodka,staritsky-levitsky
Stoli,Vodka,stoli
Stone,Vodka,stone
Svitlo,Vodka,svitlo
The House of Suntory,Vodka,the-house-of-suntory
The Lakes,Vodka,the-lakes
The Orientalist,Vodka,the-orientalist
Three Sixty,Vodka,three-sixty
Thunder,Vodka,thunder
Tito's,Vodka,titos
Tried and True,Vodka,tried-and-true
Ukiyo,Vodka,ukiyo
Utkins,Vodka,utkins
Vestal,Vodka,vestal
Virtuous,Vodka,virtuous
VRSD,Vodka,vrsd
Vulcanica,Vodka,vulcanica
Wheatley,Vodka,wheatley
Wyborowa,Vodka,wyborowa
X Muse,Vodka,x-muse
Zubrowka,Vodka,zubrowka
A.F.D.,Rum,a-f-d
Ableforth's,Rum,ableforths
Abuelo,Rum,abuelo
Admiral Rodney,Rum,admiral-rodney
Agitator,Rum,agitator
Albion,Rum,albion
Alnwick,Rum,alnwick
Aluna,Rum,aluna
Amrut,Rum,amrut
Angostura,Rum,angostura
Appleton,Rum,appleton
Arcane,Rum,arcane
Arechabala,Rum,arechabala
Asta Morris,Rum,asta-morris
Bacardi,Rum,bacardi
Balancal,Rum,balancal
Banks,Rum,banks
Barbancourt,Rum,barbancourt
Barcelo,Rum,barcelo
Bayou,Rum,bayou
Beenleigh,Rum,beenleigh
Belgrove,Rum,belgrove
Belize,Rum,belize
Bielle,Rum,bielle
Black Gate,Rum,black-gate
Black Magic,Rum,black-magic
Black Stripe,Rum,black-stripe
Black Tears,Rum,black-tears
Black Tot,Rum,black-tot
Blankenheym's,Rum,blankenheyms
Bloomsbury Atelier,Rum,bloomsbury-atelier
Bologne,Rum,bologne
Bone Idyll,Rum,bone-idyll
Bonpland,Rum,bonpland
Bougainville,Rum,bougainville
Bounty,Rum,bounty
Bristol Classic Rums,Rum,bristol-classic-rums
Brugal,Rum,brugal
Bumbu,Rum,bumbu
Bundaberg,Rum,bundaberg
Burdekin,Rum,burdekin
Camazotz,Rum,camazotz
Cambridge,Rum,cambridge
Canerock,Rum,canerock
Captain Morgan,Rum,captain-morgan
Cargo Cult,Rum,cargo-cult
Caroni,Rum,caroni
Cartavio,Rum,cartavio
Casa Baru,Rum,casa-baru
Cashcane,Rum,cashcane
Centenario,Rum,centenario
Ceylon Arrack,Rum,ceylon-arrack
Chairman's Reserve,Rum,chairmans-reserve
Chamarel,Rum,chamarel
Clairin,Rum,clairin
Clairin Sonson,Rum,clairin-sonson
Clarendon,Rum,clarendon
Clement,Rum,clement
Compagnie des Indes,Rum,compagnie-des-indes
Copalli,Rum,copalli
Cristobal,Rum,cristobal
Crossfire,Rum,crossfire
Crow's,Rum,crows
Cruzan,Rum,cruzan
Cut,Rum,cut
Damoiseau,Rum,damoiseau
Dead Man's Fingers,Rum,dead-mans-fingers
Deadhead,Rum,deadhead
Demerara,Rum,demerara
Depaz,Rum,depaz
Devil's Point,Rum,devils-point
Devon,Rum,devon
Diablesse,Rum,diablesse
Diamond,Rum,diamond
Dillon,Rum,dillon
Diplomatico,Rum,diplomatico
Discarded,Rum,discarded
Don Papa,Rum,don-papa
Don Q,Rum,don-q
Doorly's,Rum,doorlys
Dos Maderas,Rum,dos-maderas
Drop Works,Rum,drop-works
Dry Cane,Rum,dry-cane
Duppy Share,Rum,duppy-share
Duquesne,Rum,duquesne
East London Liquor,Rum,east-london-liquor
El Dorado,Rum,el-dorado
Elizabeth Yard,Rum,elizabeth-yard
Eminente,Rum,eminente
English Harbour,Rum,english-harbour
Enmore,Rum,enmore
Epris,Rum,epris
Fair,Rum,fair
Fallen Angel,Rum,fallen-angel
Fiji,Rum,fiji
Five Rivers,Rum,five-rivers
Flamboyant,Rum,flamboyant
Flor de Cana,Rum,flor-de-cana
FNQ,Rum,fnq
Foursquare,Rum,foursquare
Franklin,Rum,franklin
Goslings,Rum,goslings
Grand Kadoo,Rum,grand-kadoo
Grays,Rum,grays
Green Island,Rum,green-island
Habitation,Rum,habitation
Hampden,Rum,hampden
Hattiers,Rum,hattiers
Havana Club,Rum,havana-club
Holmes Cay,Rum,holmes-cay
Illicit,Rum,illicit
Isla del Ron,Rum,isla-del-ron
Isla Ñ,Rum,isla-n
Islay Rum Company,Rum,islay-rum-company
J Bally,Rum,j-bally
J Gow,Rum,j-gow
JavaMur,Rum,javamur
JM,Rum,jm
Jung & Wulff,Rum,jung-wulff
Jung & Wulff,Rum,jung-and-wulff
Kakira,Rum,kakira
Karukera,Rum,karukera
Kill Devil,Rum,kill-devil
Kingston,Rum,kingston
Kingston 62,Rum,kingston-62
Kiyomi,Rum,kiyomi
Kraken,Rum,kraken
La Forza,Rum,la-forza
La Hechicera,Rum,la-hechicera
La Maison Du Whisky,Rum,la-maison-du-whisky
La Mauny,Rum,la-mauny
La Progresiva,Rum,la-progresiva
Labourdonnais,Rum,labourdonnais
Lamb's,Rum,lambs
Landlocked,Rum,landlocked
Langs,Rum,langs
Leatherback,Rum,leatherback
Legendario,Rum,legendario
Lemon Hart,Rum,lemon-hart
Liv,Rum,liv
Long Pond,Rum,long-pond
Lost Years,Rum,lost-years
Loveday,Rum,loveday
Lucknow,Rum,lucknow
Lunatic and Lover,Rum,lunatic-and-lover
Mad City,Rum,mad-city
Mamita,Rum,mamita
Mango Bay,Rum,mango-bay
Market Row,Rum,market-row
Matthew Brown,Rum,matthew-brown
Matugga,Rum,matugga
Matusalem,Rum,matusalem
Merser,Rum,merser
Mezan,Rum,mezan
Mhoba,Rum,mhoba
Mid West Ghana,Rum,mid-west-ghana
Montanya,Rum,montanya
Montebello,Rum,montebello
Montero,Rum,montero
Monymusk,Rum,monymusk
Morvenna,Rum,morvenna
Mother Mesccia,Rum,mother-mesccia
Mount Gay,Rum,mount-gay
Myers's,Rum,myerss
Neisson,Rum,neisson
New Grove,Rum,new-grove
New Yarmouth,Rum,new-yarmouth
Nine Leaves,Rum,nine-leaves
Ninefold,Rum,ninefold
Nusa Cana,Rum,nusa-cana
O Reizinho,Rum,o-reizinho
O V D,Rum,o-v-d
Oaks & Ames,Rum,oaks-ames
Oaks & Ames,Rum,oaks-and-ames
Old Monk,Rum,old-monk
Old Mother Hunt,Rum,old-mother-hunt
Outlier,Rum,outlier
Pampero,Rum,pampero
Panama,Rum,panama
Panama Red,Rum,panama-red
Panama-Pacific,Rum,panama-pacific
Papa Rouyo,Rum,papa-rouyo
Papagayo,Rum,papagayo
Papalin,Rum,papalin
Paranubes,Rum,paranubes
Phraya,Rum,phraya
Plantation,Rum,plantation
Planteray,Rum,planteray
Porfidio,Rum,porfidio
Port Mourant,Rum,port-mourant
Portsmouth,Rum,portsmouth
Privateer,Rum,privateer
Providence,Rum,providence
Pusser's,Rum,pussers
Pyrat,Rum,pyrat
Quang Nam,Rum,quang-nam
R.L. Seale's,Rum,r-l-seales
Rebellion,Rum,rebellion
Red Bonny,Rum,red-bonny
Red Leg,Rum,red-leg
Reisetbauer,Rum,reisetbauer
Remedy,Rum,remedy
Renaissance,Rum,renaissance
Renegade,Rum,renegade
Rhum du Matelot,Rum,rhum-du-matelot
Rhum Rhum,Rum,rhum-rhum
Rhum St Barth,Rum,rhum-st-barth
Rhum Superieur,Rum,rhum-superieur
Rhythm & Booze Records,Rum,rhythm-booze-records
Rhythm & Booze Records,Rum,rhythm-and-booze-records
Ripping Yarns,Rum,ripping-yarns
Rivers,Rum,rivers
Ron Abuelo,Rum,ron-abuelo
Ron Colon,Rum,ron-colon
Ron Cubay,Rum,ron-cubay
Ron del Barrilito,Rum,ron-del-barrilito
Ron Zacapa,Rum,ron-zacapa
Rude Mechanicals,Rum,rude-mechanicals
RumJava,Rum,rumjava
Rump@blic,Rum,rump-blic
Ruta Maya,Rum,ruta-maya
Ryoma,Rum,ryoma
Sailor Jerry,Rum,sailor-jerry
Saint James,Rum,saint-james
Saint Ogun,Rum,saint-ogun
Sampan,Rum,sampan
Sancti Spiritus,Rum,sancti-spiritus
SangSom,Rum,sangsom
Santa Lucilia,Rum,santa-lucilia
Santa Teresa,Rum,santa-teresa
Santiago de Cuba,Rum,santiago-de-cuba
SaoCan,Rum,saocan
Sapio,Rum,sapio
Savanna,Rum,savanna
SC Dogs,Rum,sc-dogs
Scratch,Rum,scratch
Siddiqui,Rum,siddiqui
Single Barrel Selection,Rum,single-barrel-selection
Skipper,Rum,skipper
Skunk,Rum,skunk
Smith & Cross,Rum,smith-cross
Smith & Cross,Rum,smith-and-cross
Sofa,Rum,sofa
Sol Tarasco,Rum,sol-tarasco
Sostenible,Rum,sostenible
South Pacific,Rum,south-pacific
Spirited Union,Rum,spirited-union
Sport,Rum,sport
St Aubin,Rum,st-aubin
St Lucia,Rum,st-lucia
St Nicholas Abbey,Rum,st-nicholas-abbey
Stock,Rum,stock
Stone Gaze,Rum,stone-gaze
Stork Club,Rum,stork-club
Sugar House,Rum,sugar-house
Sunset,Rum,sunset
SVM,Rum,svm
Takamaka,Rum,takamaka
Tamosi,Rum,tamosi
Tanduay,Rum,tanduay
Tarasco,Rum,tarasco
Thameside,Rum,thameside
The Lovers,Rum,the-lovers
The Real McCoy,Rum,the-real-mccoy
The Stellar,Rum,the-stellar
The Wild Parrot,Rum,the-wild-parrot
Thompson Bros,Rum,thompson-bros
Tiki Lovers,Rum,tiki-lovers
Tilambic,Rum,tilambic
Tondena,Rum,tondena
Toti,Rum,toti
Transcontinental Rum Line,Rum,transcontinental-rum-line
Travellers,Rum,travellers
Trinidad,Rum,trinidad
Triple Entente,Rum,triple-entente
Tristao Vaz Teixeira,Rum,tristao-vaz-teixeira
Trois Rivieres,Rum,trois-rivieres
Two Drifters,Rum,two-drifters
Uitvlugt,Rum,uitvlugt
Valinch & Mallet,Rum,valinch-mallet
Valinch & Mallet,Rum,valinch-and-mallet
Various,Rum,various
Velier,Rum,velier
Veritas,Rum,veritas
Vieux Vaval,Rum,vieux-vaval
Virgin Gorda,Rum,virgin-gorda
West Indies,Rum,west-indies
Wild Oxen,Rum,wild-oxen
William Hinton,Rum,william-hinton
Wood's,Rum,woods
Worthy Park,Rum,worthy-park
Wray & Nephew,Rum,wray-nephew
Wray & Nephew,Rum,wray-and-nephew
Wrecking Coast,Rum,wrecking-coast
Yellow Snake,Rum,yellow-snake
Zuidam,Rum,zuidam
Bakers,Jenever,bakers
Bobby’s,Jenever,bobbys
Bokma,Jenever,bokma
Bols,Jenever,bols
Ketel One (Jenever),Jenever,ketel-one
Old Duff,Jenever,old-duff
Zuidam,Jenever,zuidam
Ableforth's,Gin,ableforths
Alambic's Special,Gin,alambics-special
Almqvist,Gin,almqvist
Amazzoni,Gin,amazzoni
An Dulaman,Gin,an-dulaman
Ape,Gin,ape
Arbikie,Gin,arbikie
Arpon,Gin,arpon
Artingstall's,Gin,artingstalls
Askur,Gin,askur
Audemus,Gin,audemus
Austin's,Gin,austins
Aval Dor,Gin,aval-dor
Aviation,Gin,aviation
Bakers,Gin,bakers
Barrow's,Gin,barrows
Baudino,Gin,baudino
Beefeater,Gin,beefeater
Berry Bros & Rudd,Gin,berry-bros-rudd
Berry Bros & Rudd,Gin,berry-bros-and-rudd
Big Ben,Gin,big-ben
Birmingam,Gin,birmingam
Bitter Truth,Gin,bitter-truth
Black Cat,Gin,black-cat
Bluecoat,Gin,bluecoat
Boatyard,Gin,boatyard
Bobby’s,Gin,bobbys
Boero,Gin,boero
Bokma,Gin,bokma
Bols,Gin,bols
Bombay Sapphire,Gin,bombay-sapphire
Bone Idyll,Gin,bone-idyll
Bonomelli,Gin,bonomelli
Boord's,Gin,boords
Booth's,Gin,booths
Bordeaux Distilling,Gin,bordeaux-distilling
Bosford,Gin,bosford
Botanic,Gin,botanic
Botanist,Gin,botanist
Brecon,Gin,brecon
Brockmans,Gin,brockmans
Broken Bones,Gin,broken-bones
Broker's,Gin,brokers
Bude,Gin,bude
Bulldog,Gin,bulldog
Burne Turner,Gin,burne-turner
Burnett's,Gin,burnetts
Burton's,Gin,burtons
Buton,Gin,buton
Calvert's,Gin,calverts
Cambridge,Gin,cambridge
Canaima,Gin,canaima
Capreolus,Gin,capreolus
Cero2,Gin,cero2
Chase,Gin,chase
Citadelle,Gin,citadelle
Colombo,Gin,colombo
Compton,Gin,compton
Condesa,Gin,condesa
Conker,Gin,conker
Copperhead,Gin,copperhead
Cora,Gin,cora
Cotswolds,Gin,cotswolds
Covent Garden,Gin,covent-garden
Cransi,Gin,cransi
Cremorne,Gin,cremorne
Cubical,Gin,cubical
Curtis,Gin,curtis
De Borgen,Gin,de-borgen
Devil's,Gin,devils
Dingle,Gin,dingle
Drums,Gin,drums
Dyfi,Gin,dyfi
Earl Grey,Gin,earl-grey
East London Liquor,Gin,east-london-liquor
Eden Mill,Gin,eden-mill
Edinburgh,Gin,edinburgh
Elephant,Gin,elephant
English Hill,Gin,english-hill
Estimable,Gin,estimable
Ethical Spirits,Gin,ethical-spirits
Etsu,Gin,etsu
Fair,Gin,fair
Fallen Angel,Gin,fallen-angel
Farmer's,Gin,farmers
Fifty Pounds,Gin,fifty-pounds
Filliers,Gin,filliers
Findlater's,Gin,findlaters
Firestarter,Gin,firestarter
Fords,Gin,fords
Forest,Gin,forest
Four Pillars,Gin,four-pillars
Freya,Gin,freya
Geometric,Gin,geometric
Gilbey's,Gin,gilbeys
Gilson,Gin,gilson
Gin d'Azur,Gin,gin-dazur
Ginepraio,Gin,ginepraio
Glaswegin,Gin,glaswegin
GMG,Gin,gmg
Goalong,Gin,goalong
Gordons,Gin,gordons
Gosford,Gin,gosford
Grant's,Gin,grants
Green Fish,Gin,green-fish
Green Room,Gin,green-room
Greenall's,Gin,greenalls
Gunpowder,Gin,gunpowder
G'Vine,Gin,gvine
Gybson's,Gin,gybsons
Haymans,Gin,haymans
Hendricks,Gin,hendricks
Hepple,Gin,hepple
Herno,Gin,herno
Hibernation,Gin,hibernation
Hidden World,Gin,hidden-world
Hiram Walker's,Gin,hiram-walkers
Hrafn,Gin,hrafn
Hyogo,Gin,hyogo
Incognito,Gin,incognito
Inverroche,Gin,inverroche
Isle of Harris,Gin,isle-of-harris
Isle of Raasay,Gin,isle-of-raasay
Jaisalmer,Gin,jaisalmer
Jawbox,Gin,jawbox
Jim and Tonic,Gin,jim-and-tonic
Jindea,Gin,jindea
Johnsen,Gin,johnsen
Juniper,Gin,juniper
Juniper Green,Gin,juniper-green
Karven,Gin,karven
Ketel One (Jenever),Gin,ketel-one
Ki No Bi,Gin,ki-no-bi
Kyrö,Gin,kyro
Lassy,Gin,lassy
Le Tribute,Gin,le-tribute
Lind and Lime,Gin,lind-and-lime
London No.1,Gin,london-no-1
Lord,Gin,lord
Lord's,Gin,lords
Luxardo,Gin,luxardo
Malfy,Gin,malfy
Manchester,Gin,manchester
Manly,Gin,manly
Manly Spirits,Gin,manly-spirits
Mare,Gin,mare
Martin Miller's,Gin,martin-millers
Masons,Gin,masons
Melifera,Gin,melifera
Mermaid,Gin,mermaid
Mirabeau,Gin,mirabeau
Mombasa Club,Gin,mombasa-club
Monkey 47,Gin,monkey-47
Mousehall,Gin,mousehall
Nelson's,Gin,nelsons
Never Never,Gin,never-never
New York Distilling,Gin,new-york-distilling
Nicholson,Gin,nicholson
Nikka,Gin,nikka
No.3,Gin,no-3
Nordes,Gin,nordes
Old Duff,Gin,old-duff
Old Gentry,Gin,old-gentry
Oldmoor,Gin,oldmoor
O'ndina,Gin,ondina
Opihr,Gin,opihr
Oxley,Gin,oxley
Palmers,Gin,palmers
Papa Salt,Gin,papa-salt
Peddlars,Gin,peddlars
Plym,Gin,plym
Plymouth,Gin,plymouth
Pollination,Gin,pollination
Portobello Road,Gin,portobello-road
Portofino,Gin,portofino
Principe de los Apostoles,Gin,principe-de-los-apostoles
Puerto de Indias,Gin,puerto-de-indias
Ralies,Gin,ralies
Ramazzotti,Gin,ramazzotti
Ramsbury,Gin,ramsbury
Rathbone,Gin,rathbone
Red Hills,Gin,red-hills
Reisetbauer,Gin,reisetbauer
Renegade (Doghouse),Gin,renegade
Retribution,Gin,retribution
Rivington,Gin,rivington
Robert Burnett,Gin,robert-burnett
Rochelt,Gin,rochelt
Roku,Gin,roku
Ross's,Gin,rosss
Rutte,Gin,rutte
Sacred,Gin,sacred
Salcombe,Gin,salcombe
Sapling,Gin,sapling
Sarti,Gin,sarti
Scapegrace,Gin,scapegrace
Schenley,Gin,schenley
Seagers,Gin,seagers
Seagram's,Gin,seagrams
Seatrus,Gin,seatrus
Secret Garden,Gin,secret-garden
Seven Hills,Gin,seven-hills
Silent Pool,Gin,silent-pool
Sincere,Gin,sincere
Sipsmith,Gin,sipsmith
St George,Gin,st-george
Still G.I.N,Gin,still-g-i-n
Stock,Gin,stock
Stone Gaze,Gin,stone-gaze
Stone's,Gin,stones
Strane,Gin,strane
Stranger,Gin,stranger
Suau,Gin,suau
Sul,Gin,sul
SW4,Gin,sw4
Tanqueray,Gin,tanqueray
Tarquin's,Gin,tarquins
The Botanist,Gin,the-botanist
The House of Suntory,Gin,the-house-of-suntory
The Lakes,Gin,the-lakes
The Orientalist,Gin,the-orientalist
The Whisky Exchange,Gin,the-whisky-exchange
Thomas Dakin,Gin,thomas-dakin
Thomson's,Gin,thomsons
Three Brothers,Gin,three-brothers
Tobermory,Gin,tobermory
Tork,Gin,tork
Trenta,Gin,trenta
Ukiyo,Gin,ukiyo
Union Castle,Gin,union-castle
Unit Six,Gin,unit-six
Victory,Gin,victory
Villa Ascenti,Gin,villa-ascenti
Vitoria Regia,Gin,vitoria-regia
Vlahov,Gin,vlahov
VRSD,Gin,vrsd
W.H. Joule,Gin,w-h-joule
Wacholderbar,Gin,wacholderbar
Waiheke,Gin,waiheke
White Croun,Gin,white-croun
Whitley Neill,Gin,whitley-neill
Wine Society,Gin,wine-society
Winestillery,Gin,winestillery
Withers,Gin,withers
Woden,Gin,woden
Woodland,Gin,woodland
Wrecking Coast,Gin,wrecking-coast
Xoriguer,Gin,xoriguer
Zuidam,Gin,zuidam
Alabat,Armagnac,alabat
Anthema,Armagnac,anthema
Armagnac,Armagnac,armagnac
Armin,Armagnac,armin
Auld Alliance,Armagnac,auld-alliance
Baron de Lustrac,Armagnac,baron-de-lustrac
Baron de Sigognac,Armagnac,baron-de-sigognac
Castarede,Armagnac,castarede
Chateau De Gaube,Armagnac,chateau-de-gaube
Chateau de Lacquy,Armagnac,chateau-de-lacquy
Clés des Ducs,Armagnac,cles-des-ducs
Clos Martin,Armagnac,clos-martin
Darroze,Armagnac,darroze
D'Aurensan,Armagnac,daurensan
De Gaube,Armagnac,de-gaube
Distillerie De La Montagne Noire,Armagnac,distillerie-de-la-montagne-noire
Domaine Boingneres,Armagnac,domaine-boingneres
Domaine de Cassagnoles,Armagnac,domaine-de-cassagnoles
Janneau,Armagnac,janneau
Laballe,Armagnac,laballe
Laberdolive,Armagnac,laberdolive
L'Encantada,Armagnac,lencantada
Marcillac,Armagnac,marcillac
Marquis de Sauval,Armagnac,marquis-de-sauval
Monluc,Armagnac,monluc
Odvi,Armagnac,odvi
Sempe,Armagnac,sempe
A De Luze & Fils,Cognac,a-de-luze-fils
A De Luze & Fils,Cognac,a-de-luze-and-fils
A.C. Meukow,Cognac,a-c-meukow
Abecassis,Cognac,abecassis
ABK6,Cognac,abk6
Adet,Cognac,adet
AE Dor,Cognac,ae-dor
Arthur H Godfree,Cognac,arthur-h-godfree
Auger Fils,Cognac,auger-fils
Augier Freres,Cognac,augier-freres
Averys,Cognac,averys
Bache Gabrielsen,Cognac,bache-gabrielsen
Barnett & Fils,Cognac,barnett-fils
Barnett & Fils,Cognac,barnett-and-fils
Berry Bros & Rudd,Cognac,berry-bros-rudd
Berry Bros & Rudd,Cognac,berry-bros-and-rudd
Bisquit,Cognac,bisquit
Bisquit & Debouche,Cognac,bisquit-debouche
Bisquit & Debouche,Cognac,bisquit-and-debouche
"Block, Grey & Block",Cognac,block-grey-block
"Block, Grey & Block",Cognac,block-grey-and-block
Braastad,Cognac,braastad
Calvet,Cognac,calvet
Camus,Cognac,camus
Castillon,Cognac,castillon
Chateau de Beaulon,Cognac,chateau-de-beaulon
Chateau de Montifaud,Cognac,chateau-de-montifaud
Claude Thorin,Cognac,claude-thorin
Cockburn,Cognac,cockburn
Corcellet,Cognac,corcellet
Courvoisier,Cognac,courvoisier
Croizet,Cognac,croizet
De Beaulon,Cognac,de-beaulon
Deau,Cognac,deau
Decadent Drinks,Cognac,decadent-drinks
Delamain,Cognac,delamain
Denis-Mounié,Cognac,denis-mounie
Domaine Le Reviseur,Cognac,domaine-le-reviseur
Drouet & Fils,Cognac,drouet-fils
Drouet & Fils,Cognac,drouet-and-fils
Drouet et Fils,Cognac,drouet-et-fils
Eschenauer,Cognac,eschenauer
Etienne Gasqueton,Cognac,etienne-gasqueton
Exshaw,Cognac,exshaw
Fanny Fougerat,Cognac,fanny-fougerat
Ferrand,Cognac,ferrand
Fouquet Couzin,Cognac,fouquet-couzin
Francois Voyer,Cognac,francois-voyer
Frapin,Cognac,frapin
Frapin Rabelais,Cognac,frapin-rabelais
Fromy,Cognac,fromy
G & J Greenall,Cognac,g-j-greenall
G & J Greenall,Cognac,g-and-j-greenall
G T Jones,Cognac,g-t-jones
Gautier,Cognac,gautier
Gautier Freres,Cognac,gautier-freres
Godet,Cognac,godet
Grosperrin,Cognac,grosperrin
Guillon-Painturaud,Cognac,guillon-painturaud
Hardy,Cognac,hardy
Hedges & Butler,Cognac,hedges-butler
Hedges & Butler,Cognac,hedges-and-butler
Hennessy,Cognac,hennessy
Hermitage,Cognac,hermitage
Hine,Cognac,hine
J J Mortier,Cognac,j-j-mortier
J. G. Monnet & Co.,Cognac,j-g-monnet-co
J. G. Monnet & Co.,Cognac,j-g-monnet-and-co
Jean Fillioux,Cognac,jean-fillioux
Jean-Luc Pasquet,Cognac,jean-luc-pasquet
John Mark & Co.,Cognac,john-mark-co
John Mark & Co.,Cognac,john-mark-and-co
Jules Gilson,Cognac,jules-gilson
L Ducasse,Cognac,l-ducasse
La Guilde du Cognac,Cognac,la-guilde-du-cognac
La Pouyade,Cognac,la-pouyade
Larsen,Cognac,larsen
Leyrat,Cognac,leyrat
Louis Baron,Cognac,louis-baron
Louis Royer,Cognac,louis-royer
Lucien Foucauld,Cognac,lucien-foucauld
Marquis C de Genet,Cognac,marquis-c-de-genet
Martell,Cognac,martell
Matthew Gloag,Cognac,matthew-gloag
Mauxion,Cognac,mauxion
Maxime Trijol,Cognac,maxime-trijol
Mercier Roger,Cognac,mercier-roger
Merlet,Cognac,merlet
Meukow,Cognac,meukow
Michel Couprie,Cognac,michel-couprie
Michel Forgeron,Cognac,michel-forgeron
Moyet,Cognac,moyet
Naud,Cognac,naud
Normandin-Mercier,Cognac,normandin-mercier
Otard,Cognac,otard
Park,Cognac,park
Patte Blanche,Cognac,patte-blanche
Paul Beau,Cognac,paul-beau
Paul Giraud,Cognac,paul-giraud
Philbert,Cognac,philbert
Pierre Lecat,Cognac,pierre-lecat
Prunier,Cognac,prunier
Ragnaud Sabourin,Cognac,ragnaud-sabourin
Remi Landier,Cognac,remi-landier
Remy Martin,Cognac,remy-martin
Renault,Cognac,renault
Rouyer Guillet,Cognac,rouyer-guillet
Salignac,Cognac,salignac
Sazerac de Forge,Cognac,sazerac-de-forge
Seignette,Cognac,seignette
Tesseron,Cognac,tesseron
Tiffon,Cognac,tiffon
Vallein-Tercinier,Cognac,vallein-tercinier
Vaudon,Cognac,vaudon
WV Baker,Cognac,wv-baker
Akashi,whisky,akashi
Chichibu,whisky,chichibu
Fuji,whisky,fuji
Hakushu,whisky,hakushu
Hibiki,whisky,hibiki
Ichiro's,whisky,ichiros
Kanosuke,whisky,kanosuke
Karuizawa,whisky,karuizawa
Kurayoshi,whisky,kurayoshi
Mars,whisky,mars
Miyagikyo,whisky,miyagikyo
Nikka,whisky,nikka
Nikka Yoichi,whisky,nikka-yoichi
Shindo,whisky,shindo
Shirakawa,whisky,shirakawa
Shizuoka,whisky,shizuoka
Suntory,whisky,suntory
The House of Suntory,whisky,the-house-of-suntory
Togouchi,whisky,togouchi
Yamazaki,whisky,yamazaki
Yamazakura,whisky,yamazakura
Yoichi,whisky,yoichi
Adrien Berlioz,Wine,adrien-berlioz
Akutain,Wine,akutain
Albergada,Wine,albergada
Aldo Viola,Wine,aldo-viola
Alvear,Wine,alvear
Andre Colonge,Wine,andre-colonge
Andrew Will,Wine,andrew-will
Andrian,Wine,andrian
Anima Negra,Wine,anima-negra
Anselmo Mendes,Wine,anselmo-mendes
Antoine Jobard,Wine,antoine-jobard
Antoine-Marie Arena,Wine,antoine-marie-arena
Anysbos,Wine,anysbos
Au Bon Climat,Wine,au-bon-climat
Augalevada,Wine,augalevada
A'Vita,Wine,avita
Balfour,Wine,balfour
Balthasar Ress,Wine,balthasar-ress
Bat Gara,Wine,bat-gara
Bella Elegance,Wine,bella-elegance
Belles Lies,Wine,belles-lies
Benegas,Wine,benegas
Bernard Gripa,Wine,bernard-gripa
Bertrand Galbrun,Wine,bertrand-galbrun
Beynat,Wine,beynat
Beyra,Wine,beyra
Billaud-Simon,Wine,billaud-simon
Birichino,Wine,birichino
Boekenhoutskloof,Wine,boekenhoutskloof
Bohn,Wine,bohn
Bonavita,Wine,bonavita
Boroli,Wine,boroli
Bosman,Wine,bosman
Bressan,Wine,bressan
Buis Les,Wine,buis-les
Ca'di Ponti,Wine,cadi-ponti
Caparzo,Wine,caparzo
Carlos Raposo,Wine,carlos-raposo
Ca'Rugate,Wine,carugate
Castello di Potentino,Wine,castello-di-potentino
Castello di Tassarolo,Wine,castello-di-tassarolo
Chamonard,Wine,chamonard
Chapel Down,Wine,chapel-down
Charles Audoin,Wine,charles-audoin
Charles Hours,Wine,charles-hours
Charvin,Wine,charvin
Chateau De Plaisance,Wine,chateau-de-plaisance
Chicotot,Wine,chicotot
Christof Ruof,Wine,christof-ruof
Christopher Blanc,Wine,christopher-blanc
Cien y Pico,Wine,cien-y-pico
Classic Winery,Wine,classic-winery
Claus Preisinger,Wine,claus-preisinger
Cline,Wine,cline
Clos de l'Epinay,Wine,clos-de-lepinay
Clos du Jaugueyron,Wine,clos-du-jaugueyron
Clos Mogador,Wine,clos-mogador
Closeries des Moussis,Wine,closeries-des-moussis
Cloudy Bay,Wine,cloudy-bay
Colinas De Sao,Wine,colinas-de-sao
Cortijo Los Aguilares,Wine,cortijo-los-aguilares
Cru Godard,Wine,cru-godard
Cuvaison,Wine,cuvaison
Dal Forno Romano,Wine,dal-forno-romano
Daniel Bouland,Wine,daniel-bouland
David Duband,Wine,david-duband
De Angeles,Wine,de-angeles
De Bartoli,Wine,de-bartoli
De Belliviere,Wine,de-belliviere
De Bernardins,Wine,de-bernardins
De Coulaine,Wine,de-coulaine
De Ferrand,Wine,de-ferrand
De la Berangeraie,Wine,de-la-berangeraie
De Perreau,Wine,de-perreau
De Rancy,Wine,de-rancy
Des Bernardins,Wine,des-bernardins
Des Graviers,Wine,des-graviers
Des Marnes Blanches,Wine,des-marnes-blanches
Dominio de Fontana,Wine,dominio-de-fontana
Dominio del Bendito,Wine,dominio-del-bendito
Douro Boys,Wine,douro-boys
Du Champ des Treilles,Wine,du-champ-des-treilles
Du Clos Frantin,Wine,du-clos-frantin
Dujac,Wine,dujac
Echeverria,Wine,echeverria
Edi Simcic,Wine,edi-simcic
Egon Muller,Wine,egon-muller
El Circo,Wine,el-circo
El Grillo,Wine,el-grillo
El Otro,Wine,el-otro
Elias Mora,Wine,elias-mora
Equipo Navazos,Wine,equipo-navazos
Eric Forest,Wine,eric-forest
Estela Perinetti,Wine,estela-perinetti
Eugenio Rosi,Wine,eugenio-rosi
Fernand & Laurent Pillot,Wine,fernand-laurent-pillot
Fernand & Laurent Pillot,Wine,fernand-and-laurent-pillot
Frantin,Wine,frantin
Gaia,Wine,gaia
Garnier,Wine,garnier
GD Vajra,Wine,gd-vajra
Geracoes da Talha,Wine,geracoes-da-talha
Gerard Boulay,Wine,gerard-boulay
Germano,Wine,germano
Gerovassiliou,Wine,gerovassiliou
Glaetzer,Wine,glaetzer
Gonzalez Byass,Wine,gonzalez-byass
Grace,Wine,grace
Greywacke,Wine,greywacke
Guillerault-Fargette,Wine,guillerault-fargette
Hajdu,Wine,hajdu
Henners,Wine,henners
Henri Bourgeois,Wine,henri-bourgeois
Henri Gouges,Wine,henri-gouges
Heresztyn-Mazzini,Wine,heresztyn-mazzini
Idaia,Wine,idaia
Inniskillin,Wine,inniskillin
Isabel,Wine,isabel
Jean-Claude Rateau,Wine,jean-claude-rateau
Jim Barry,Wine,jim-barry
Johanneshof Reinisch,Wine,johanneshof-reinisch
Karri Vineyard,Wine,karri-vineyard
Keith Tulloch,Wine,keith-tulloch
Kellerei Terlan,Wine,kellerei-terlan
Ken Forrester,Wine,ken-forrester
Keo,Wine,keo
La Borie,Wine,la-borie
La Cayetana,Wine,la-cayetana
La Chaume Des Lies,Wine,la-chaume-des-lies
La Grave Figeac,Wine,la-grave-figeac
La Graves de Pez,Wine,la-graves-de-pez
La Luminaille,Wine,la-luminaille
Las Estelas,Wine,las-estelas
Launay Horiot,Wine,launay-horiot
Laurent Habrard,Wine,laurent-habrard
Les Cretes,Wine,les-cretes
Lo-Fi,Wine,lo-fi
Lorca,Wine,lorca
Luis Pato,Wine,luis-pato
Lyrarakis,Wine,lyrarakis
M de Minuty,Wine,m-de-minuty
Mabillot,Wine,mabillot
Mac Forbes,Wine,mac-forbes
Maison des Ardoisieres,Wine,maison-des-ardoisieres
Mandrarossa,Wine,mandrarossa
Marc Tempe,Wine,marc-tempe
Marcel Lapierre,Wine,marcel-lapierre
Marco Abella,Wine,marco-abella
Marius Bielle,Wine,marius-bielle
Mas de Daumas Gassac,Wine,mas-de-daumas-gassac
Mas Martinet,Wine,mas-martinet
Matetic,Wine,matetic
Mezzogiorno,Wine,mezzogiorno
Micalet,Wine,micalet
Michel Delhommeau,Wine,michel-delhommeau
Milan Nestarec,Wine,milan-nestarec
Mirausse,Wine,mirausse
Moulin de la Gardette,Wine,moulin-de-la-gardette
Moulin de Lagnet,Wine,moulin-de-lagnet
Mount Langi,Wine,mount-langi
Mullineux,Wine,mullineux
Murdoch Hill,Wine,murdoch-hill
Naia,Wine,naia
Nathan Kendall,Wine,nathan-kendall
Nekeas,Wine,nekeas
Niepoort,Wine,niepoort
Nord-Sud,Wine,nord-sud
Normanno,Wine,normanno
Ortonese,Wine,ortonese
Ott,Wine,ott
Oudin,Wine,oudin
Pago de Tharsys,Wine,pago-de-tharsys
Paringa Estate,Wine,paringa-estate
Pasaeli,Wine,pasaeli
Pattes Loup,Wine,pattes-loup
Pegasus Bay,Wine,pegasus-bay
Pelee Island,Wine,pelee-island
Perez Cruz,Wine,perez-cruz
Piedra Fluida,Wine,piedra-fluida
Pierluigi Zampaglione,Wine,pierluigi-zampaglione
Pieropan,Wine,pieropan
Pierrick Bouley,Wine,pierrick-bouley
Piper Heidsieck,Wine,piper-heidsieck
Pittnauer,Wine,pittnauer
Pont Bourceau,Wine,pont-bourceau
Pyramid Valley,Wine,pyramid-valley
Quady,Wine,quady
Quady Essensia,Wine,quady-essensia
Quinta da Pedra,Wine,quinta-da-pedra
Quinta da Pedra Escrita,Wine,quinta-da-pedra-escrita
Quinta do Vale Meao,Wine,quinta-do-vale-meao
Radford Dale,Wine,radford-dale
Riccitelli,Wine,riccitelli
Richoux Irancy,Wine,richoux-irancy
Riffel,Wine,riffel
Rinaldi,Wine,rinaldi
Rock Angel,Wine,rock-angel
Rockburn,Wine,rockburn
Roland Schmitt,Wine,roland-schmitt
Roubine,Wine,roubine
Roucas Toumba,Wine,roucas-toumba
Ruschi Noceti,Wine,ruschi-noceti
Saint Clair,Wine,saint-clair
Salcheto,Wine,salcheto
Samurai,Wine,samurai
Sandridge Barton,Wine,sandridge-barton
Schatzel,Wine,schatzel
Sergio Arcuri,Wine,sergio-arcuri
Simpsons,Wine,simpsons
Smalltown Vineyards,Wine,smalltown-vineyards
Smiley,Wine,smiley
Soldier's Block,Wine,soldiers-block
Ste Anne,Wine,ste-anne
Sylvain Cathiard,Wine,sylvain-cathiard
Szepsy,Wine,szepsy
Tahbilk,Wine,tahbilk
Tanca Nica,Wine,tanca-nica
Tandem,Wine,tandem
Taupenot-Merme,Wine,taupenot-merme
Ten Minutes by Tractor,Wine,ten-minutes-by-tractor
Tenuta Mara,Wine,tenuta-mara
Terlan,Wine,terlan
The Crossings,Wine,the-crossings
The Hilt,Wine,the-hilt
Thibault Liger-Belair,Wine,thibault-liger-belair
Thibeaud-Maillet,Wine,thibeaud-maillet
Thierry Mortet,Wine,thierry-mortet
Thierry Pillot,Wine,thierry-pillot
Thomas,Wine,thomas
Tidebrook,Wine,tidebrook
Tikves,Wine,tikves
Val d'Arenc,Wine,val-darenc
Valdespino,Wine,valdespino
Valentin Zusslin,Wine,valentin-zusslin
Valli,Wine,valli
Vallisto,Wine,vallisto
Van Biljon,Wine,van-biljon
Veiled Vineyards,Wine,veiled-vineyards
Ver Sacrum,Wine,ver-sacrum
Veronica Ortega,Wine,veronica-ortega
Vina Ilusion,Wine,vina-ilusion
Vina Progresso,Wine,vina-progresso
Vina Von Siebenthal,Wine,vina-von-siebenthal
Vincent Gaudry,Wine,vincent-gaudry
Vino Lauria,Wine,vino-lauria
Vinvita,Wine,vinvita
Whispering Angel,Wine,whispering-angel
Wild House,Wine,wild-house
Ancient Age,whisky,ancient-age
Angel's Envy,whisky,angels-envy
Balcones,whisky,balcones
Bardstown,whisky,bardstown
Barrell,whisky,barrell
Barton,whisky,barton
Basil Hayden,whisky,basil-hayden
Ben Holladay,whisky,ben-holladay
Benchmark,whisky,benchmark
Bernheim,whisky,bernheim
Bib & Tucker,whisky,bib-tucker
Bib & Tucker,whisky,bib-and-tucker
Black Maple Hill,whisky,black-maple-hill
Black Saddle,whisky,black-saddle
Blanton's,whisky,blantons
Bond & Lillard,whisky,bond-lillard
Bond & Lillard,whisky,bond-and-lillard
Boondocks,whisky,boondocks
Boulder,whisky,boulder
Bourbon de Luxe,whisky,bourbon-de-luxe
Bowsaw,whisky,bowsaw
Brother's Bond,whisky,brothers-bond
Buck,whisky,buck
Buffalo Trace,whisky,buffalo-trace
Bulleit,whisky,bulleit
Castle & Key,whisky,castle-key
Castle & Key,whisky,castle-and-key
Catoctin Creek,whisky,catoctin-creek
Charlie Parry's,whisky,charlie-parrys
Clyde May's,whisky,clyde-mays
Coppersea,whisky,coppersea
Copperworks,whisky,copperworks
Distillery 291,whisky,distillery-291
Driftless,whisky,driftless
Driftless Glen,whisky,driftless-glen
E H Taylor,whisky,e-h-taylor
Eagle Rare,whisky,eagle-rare
Early Times,whisky,early-times
Elijah Craig,whisky,elijah-craig
Elmer T Lee,whisky,elmer-t-lee
Evan Williams,whisky,evan-williams
Ezra Brooks,whisky,ezra-brooks
Few,whisky,few
Four Roses,whisky,four-roses
Frey Ranch,whisky,frey-ranch
Gentleman's Cut,whisky,gentlemans-cut
George Dickel,whisky,george-dickel
George T,whisky,george-t
George T Stagg,whisky,george-t-stagg
Green River,whisky,green-river
Heaven Hill,whisky,heaven-hill
Heaven's Door,whisky,heavens-door
Henebery,whisky,henebery
Henry McKenna,whisky,henry-mckenna
High West,whisky,high-west
Hirsch,whisky,hirsch
Horse With No Name,whisky,horse-with-no-name
I W Harper,whisky,i-w-harper
J W Dant,whisky,j-w-dant
Jack Daniel's,whisky,jack-daniels
James E Pepper,whisky,james-e-pepper
Jeptha Creed,whisky,jeptha-creed
Jim Beam,whisky,jim-beam
Johnny Drum,whisky,johnny-drum
Kentucky Gentleman,whisky,kentucky-gentleman
Kentucky Owl,whisky,kentucky-owl
Kentucky Vintage,whisky,kentucky-vintage
Kings County,whisky,kings-county
Knob Creek,whisky,knob-creek
Kopper Kettle,whisky,kopper-kettle
Larceny,whisky,larceny
Leiper's Fork,whisky,leipers-fork
Maker's Mark,whisky,makers-mark
MB Roland,whisky,mb-roland
McKenzie,whisky,mckenzie
Medley Bros,whisky,medley-bros
Mellow Corn,whisky,mellow-corn
Michter's,whisky,michters
Never Say Die,whisky,never-say-die
New Riff,whisky,new-riff
New York Distilling,whisky,new-york-distilling
Noah's Mill,whisky,noahs-mill
OFC,whisky,ofc
Old Crow,whisky,old-crow
Old Fitzgerald,whisky,old-fitzgerald
Old Forester,whisky,old-forester
Old Grand-Dad,whisky,old-grand-dad
Old Line,whisky,old-line
Old Medley,whisky,old-medley
Old Overholt,whisky,old-overholt
Old Potrero,whisky,old-potrero
Old Williamsburg,whisky,old-williamsburg
Parker's,whisky,parkers
Peerless,whisky,peerless
Penelope,whisky,penelope
Pikesville,whisky,pikesville
Platte Valley,whisky,platte-valley
Pure Kentucky,whisky,pure-kentucky
Pursuit,whisky,pursuit
Rabbit Hole,whisky,rabbit-hole
Rebel,whisky,rebel
Redwood Empire,whisky,redwood-empire
Reservoir,whisky,reservoir
RI1,whisky,ri1
Rittenhouse,whisky,rittenhouse
Rossville Union,whisky,rossville-union
Sagamore,whisky,sagamore
Santa Fe Spirits,whisky,santa-fe-spirits
Seagram's,whisky,seagrams
Smooth Ambler,whisky,smooth-ambler
St George,whisky,st-george
Star Hill Farm,whisky,star-hill-farm
Stillbrook,whisky,stillbrook
Stoll & Wolfe,whisky,stoll-wolfe
Stoll & Wolfe,whisky,stoll-and-wolfe
Templeton,whisky,templeton
The Story Of Bourbon,whisky,the-story-of-bourbon
The Story Of...,whisky,the-story-of
Thomas H Handy,whisky,thomas-h-handy
Tincup,whisky,tincup
Traveller,whisky,traveller
Uncle Nearest,whisky,uncle-nearest
Van Brunt,whisky,van-brunt
Very Old Barton,whisky,very-old-barton
Very Olde St Nick,whisky,very-olde-st-nick
Virginia Distillery Co,whisky,virginia-distillery-co
W L Weller,whisky,w-l-weller
Walker's,whisky,walkers
War Eagle,whisky,war-eagle
Wasmund's,whisky,wasmunds
Wathen's,whisky,wathens
Weller,whisky,weller
Westland,whisky,westland
Westward,whisky,westward
WhistlePig,whisky,whistlepig
Widow Jane,whisky,widow-jane
Wild Turkey,whisky,wild-turkey
Wildcatter,whisky,wildcatter
Wilderness,whisky,wilderness
Wilderness Trail,whisky,wilderness-trail
Willett,whisky,willett
Willett's,whisky,willetts
WL Weller,whisky,wl-weller
Woodford Reserve,whisky,woodford-reserve
Wyoming,whisky,wyoming
Yellow Rose,whisky,yellow-rose
Yellowstone,whisky,yellowstone
Ardara,whisky,ardara
Blackwater,whisky,blackwater
Blue Spot,whisky,blue-spot
Boann,whisky,boann
Bushmills,whisky,bushmills
Busker,whisky,busker
Clonakilty,whisky,clonakilty
Connacht,whisky,connacht
Connemara,whisky,connemara
Cooley,whisky,cooley
Dingle,whisky,dingle
Drumshanbo,whisky,drumshanbo
Dubliner,whisky,dubliner
Dunville's,whisky,dunvilles
Fercullen,whisky,fercullen
Glendalough,whisky,glendalough
Green Spot,whisky,green-spot
Hawk's Rock,whisky,hawks-rock
Irishman,whisky,irishman
Jameson,whisky,jameson
Jane Doe,whisky,jane-doe
JJ Corry,whisky,jj-corry
Kilbeggan,whisky,kilbeggan
Killowen,whisky,killowen
Kirker & Greer,whisky,kirker-greer
Kirker & Greer,whisky,kirker-and-greer
Knappogue Castle,whisky,knappogue-castle
Method and Madness,whisky,method-and-madness
Midleton,whisky,midleton
Nectar of the Daily Drams,whisky,nectar-of-the-daily-drams
Nomad,whisky,nomad
Old Comber,whisky,old-comber
Paddy,whisky,paddy
Pogues,whisky,pogues
Powers,whisky,powers
Proper No. Twelve,whisky,proper-no-twelve
Red Spot,whisky,red-spot
Redbreast,whisky,redbreast
Roe & Co,whisky,roe-co
Roe & Co,whisky,roe-and-co
Sailor's Home,whisky,sailors-home
Sexton,whisky,sexton
Shortcross,whisky,shortcross
Silkie,whisky,silkie
Slane,whisky,slane
Teeling,whisky,teeling
The Pogues,whisky,the-pogues
Tullamore Dew,whisky,tullamore-dew
Two Stacks,whisky,two-stacks
Tyrconnell,whisky,tyrconnell
Various,whisky,various
Waterford,whisky,waterford
West Cork,whisky,west-cork
Whistler,whisky,whistler
Writers Tears,whisky,writers-tears
Yellow Spot,whisky,yellow-spot
Arbikie,whisky,arbikie
Ballantine's,whisky,ballantines
Caledonian,whisky,caledonian
Cambus,whisky,cambus
Cameronbridge,whisky,cameronbridge
Compass Box,whisky,compass-box
Dumbarton,whisky,dumbarton
Garnheath,whisky,garnheath
Girvan,whisky,girvan
Glen Garioch,whisky,glen-garioch
Haig Club,whisky,haig-club
Inchdairnie,whisky,inchdairnie
Invergordon,whisky,invergordon
Loch Lomond,whisky,loch-lomond
North British,whisky,north-british
Port Dundas,whisky,port-dundas
Port of Leith,whisky,port-of-leith
Spearhead,whisky,spearhead
Strathclyde,whisky,strathclyde
Teaninich,whisky,teaninich
Various Distilleries,whisky,various-distilleries
Aldunie,whisky,aldunie
Auchnagie,whisky,auchnagie
Big Peat,whisky,big-peat
Blue Hanger,whisky,blue-hanger
Burberrys,whisky,burberrys
Caisteal Chamuis,whisky,caisteal-chamuis
Campbeltown Loch,whisky,campbeltown-loch
Chivas,whisky,chivas
Chivas Regal,whisky,chivas-regal
Cladach,whisky,cladach
Coilltean,whisky,coilltean
Collection Moon,whisky,collection-moon
Collectivum,whisky,collectivum
Copper Dog,whisky,copper-dog
CRN57°,whisky,crn57
Duncan Taylor,whisky,duncan-taylor
Elements of Islay,whisky,elements-of-islay
Epicurean,whisky,epicurean
Famous Grouse,whisky,famous-grouse
Gladstone Axe,whisky,gladstone-axe
Glenleven,whisky,glenleven
Hart Brothers,whisky,hart-brothers
Highland Harvest,whisky,highland-harvest
Hogshead,whisky,hogshead
Johnnie Walker,whisky,johnnie-walker
Mackintosh,whisky,mackintosh
MacNair's,whisky,macnairs
Milroy's,whisky,milroys
Monkey Shoulder,whisky,monkey-shoulder
Mossburn,whisky,mossburn
Noble Rebel,whisky,noble-rebel
North Star,whisky,north-star
North Star Spirits,whisky,north-star-spirits
Old Bannockburn,whisky,old-bannockburn
Old Perth,whisky,old-perth
Peat Chimney,whisky,peat-chimney
Poit Dhubh,whisky,poit-dhubh
Portgordon,whisky,portgordon
Rock Island,whisky,rock-island
Sandy Macdonald,whisky,sandy-macdonald
Scallywag,whisky,scallywag
Serendipity,whisky,serendipity
Shackleton's,whisky,shackletons
Sheep Dip,whisky,sheep-dip
Sideburn,whisky,sideburn
Six Isles,whisky,six-isles
Spice King,whisky,spice-king
Strathconon,whisky,strathconon
The Gauldrons,whisky,the-gauldrons
The Guard Bridge,whisky,the-guard-bridge
The Hive,whisky,the-hive
The Whisky Exchange,whisky,the-whisky-exchange
Thompson Bros,whisky,thompson-bros
Timorous,whisky,timorous
Timorous Beastie,whisky,timorous-beastie
Watt Whisky,whisky,watt-whisky
Wemyss,whisky,wemyss
Westport,whisky,westport
Whisky Works,whisky,whisky-works
Williamson,whisky,williamson
Yula,whisky,yula
Adelphi,whisky,adelphi
Ainslie's,whisky,ainslies
Alex Ferguson,whisky,alex-ferguson
Anchor,whisky,anchor
Antiquary,whisky,antiquary
Ardray,whisky,ardray
Auld Alliance,whisky,auld-alliance
Barker's,whisky,barkers
Baxter's,whisky,baxters
Bell's,whisky,bells
Ben Nevis,whisky,ben-nevis
Berry Bros & Rudd,whisky,berry-bros-rudd
Berry Bros & Rudd,whisky,berry-bros-and-rudd
Big Ben,whisky,big-ben
Big T,whisky,big-t
Black & White,whisky,black-white
Black & White,whisky,black-and-white
Black Bottle,whisky,black-bottle
Black Bull,whisky,black-bull
Buchanan's,whisky,buchanans
Bulloch Lade,whisky,bulloch-lade
Chequers,whisky,chequers
Crabbie,whisky,crabbie
Cutty Sark,whisky,cutty-sark
Dawson's,whisky,dawsons
Dewar's,whisky,dewars
Diageo,whisky,diageo
Dimple,whisky,dimple
Dunhill,whisky,dunhill
Dunhillion,whisky,dunhillion
Findlater's,whisky,findlaters
Friar John Cor,whisky,friar-john-cor
Gilbey's,whisky,gilbeys
Gilmour Thomson's,whisky,gilmour-thomsons
Glen Garry,whisky,glen-garry
Glendrostan,whisky,glendrostan
Glenrosa,whisky,glenrosa
Golden Age,whisky,golden-age
Golden Heather,whisky,golden-heather
Grand Coronation,whisky,grand-coronation
Grant's,whisky,grants
Haig,whisky,haig
Hankey Bannister,whisky,hankey-bannister
Harrods,whisky,harrods
Harvey's,whisky,harveys
Hazelwood,whisky,hazelwood
Heather Dew,whisky,heather-dew
House of Commons,whisky,house-of-commons
Inver House,whisky,inver-house
Islay Mist,whisky,islay-mist
Isle of Skye,whisky,isle-of-skye
J & G Stewart,whisky,j-g-stewart
J & G Stewart,whisky,j-and-g-stewart
J&B,whisky,j-b
J&B,whisky,j-and-b
James Eadie,whisky,james-eadie
James Haddow,whisky,james-haddow
John Player,whisky,john-player
King William,whisky,king-william
King's Choice,whisky,kings-choice
King's Ransom,whisky,kings-ransom
Laird O' Logan,whisky,laird-o-logan
Lauder's,whisky,lauders
Lochside,whisky,lochside
Logan,whisky,logan
Logan's,whisky,logans
Long John,whisky,long-john
Lord Elcho,whisky,lord-elcho
MacNaMara,whisky,macnamara
Mitchells & Butlers,whisky,mitchells-butlers
Mitchells & Butlers,whisky,mitchells-and-butlers
Monarch Of The Highlands,whisky,monarch-of-the-highlands
Neal's,whisky,neals
Old Court,whisky,old-court
Old Parr,whisky,old-parr
Pig's Nose,whisky,pigs-nose
Pinwinnie,whisky,pinwinnie
Pure Scot,whisky,pure-scot
Putachieside,whisky,putachieside
Robert Burns (Arran),whisky,robert-burns
Royal Household,whisky,royal-household
Royal Salute,whisky,royal-salute
Sample Room,whisky,sample-room
Samuel Webster & Sons.,whisky,samuel-webster-sons
Samuel Webster & Sons.,whisky,samuel-webster-and-sons
Savoy,whisky,savoy
Scotland's Ripe Old Age,whisky,scotlands-ripe-old-age
Seagram,whisky,seagram
Something Special,whisky,something-special
Spey Cast,whisky,spey-cast
Storyman,whisky,storyman
Symington’s,whisky,symingtons
Té Bheag,whisky,te-bheag
Teacher's,whisky,teachers
The Artful Dodger,whisky,the-artful-dodger
The Last Drop,whisky,the-last-drop
The Royal Household,whisky,the-royal-household
The Scotsman,whisky,the-scotsman
The Woodsman,whisky,the-woodsman
Uam Var,whisky,uam-var
Vat 69,whisky,vat-69
White Heather,whisky,white-heather
White Horse,whisky,white-horse
Whyte & Mackay,whisky,whyte-mackay
Whyte & Mackay,whisky,whyte-and-mackay
Wildmoor,whisky,wildmoor
William Lawson's,whisky,william-lawsons
Wm. Maxwell,whisky,wm-maxwell
Woven,whisky,woven
Wright & Greigs,whisky,wright-greigs
Wright & Greigs,whisky,wright-and-greigs
Aberfeldy,whisky,aberfeldy
Aberlour,whisky,aberlour
Allt-a-Bhainne,whisky,allt-a-bhainne
AnCnoc,whisky,ancnoc
Angels' Nectar,whisky,angels-nectar
Ardbeg,whisky,ardbeg
Ardmore,whisky,ardmore
Ardnahoe,whisky,ardnahoe
Ardnamurchan,whisky,ardnamurchan
Arran,whisky,arran
Auchentoshan,whisky,auchentoshan
Auchroisk,whisky,auchroisk
Aultmore,whisky,aultmore
Balblair,whisky,balblair
Ballechin,whisky,ballechin
Balmenach,whisky,balmenach
Balvenie,whisky,balvenie
Banff,whisky,banff
Ben Eideann,whisky,ben-eideann
Ben Wyvis,whisky,ben-wyvis
Benriach,whisky,benriach
Benrinnes,whisky,benrinnes
Benromach,whisky,benromach
Bladnoch,whisky,bladnoch
Blair Athol,whisky,blair-athol
Bonnington,whisky,bonnington
Bowmore,whisky,bowmore
Braes of Glenlivet (Braeval),whisky,braes-of-glenlivet
Brora,whisky,brora
Bruchladdich,whisky,bruchladdich
Bruichladdich,whisky,bruichladdich
Bunnahabhain,whisky,bunnahabhain
Caol Ila,whisky,caol-ila
Caperdonich,whisky,caperdonich
Cardhu,whisky,cardhu
Clynelish,whisky,clynelish
Coleburn,whisky,coleburn
Convalmore,whisky,convalmore
Cragganmore,whisky,cragganmore
Craigduff,whisky,craigduff
Craigellachie,whisky,craigellachie
Croftengea,whisky,croftengea
Cu Bocan,whisky,cu-bocan
Daftmill,whisky,daftmill
Dailuaine,whisky,dailuaine
Dallas Dhu,whisky,dallas-dhu
Dalmore,whisky,dalmore
Dalmunach,whisky,dalmunach
Dalwhinnie,whisky,dalwhinnie
Deanston,whisky,deanston
Dornoch,whisky,dornoch
Dufftown,whisky,dufftown
Dunglass,whisky,dunglass
Eden Mill,whisky,eden-mill
Edradour,whisky,edradour
Fettercairn,whisky,fettercairn
Finlaggan,whisky,finlaggan
Glen Albyn,whisky,glen-albyn
Glen Deveron,whisky,glen-deveron
Glen Elgin,whisky,glen-elgin
Glen Flagler,whisky,glen-flagler
Glen Grant,whisky,glen-grant
Glen Keith,whisky,glen-keith
Glen Mhor,whisky,glen-mhor
Glen Moray,whisky,glen-moray
Glen Ord,whisky,glen-ord
Glen Rothes,whisky,glen-rothes
Glen Scotia,whisky,glen-scotia
Glen Spey,whisky,glen-spey
Glenallachie,whisky,glenallachie
Glenburgie,whisky,glenburgie
Glencadam,whisky,glencadam
Glendronach,whisky,glendronach
Glendullan,whisky,glendullan
Glenesk,whisky,glenesk
Glenfarclas,whisky,glenfarclas
Glenfiddich,whisky,glenfiddich
Glenfyne,whisky,glenfyne
Glenglassaugh,whisky,glenglassaugh
Glengoyne,whisky,glengoyne
Glenkinchie,whisky,glenkinchie
Glenlivet,whisky,glenlivet
Glenlochy,whisky,glenlochy
Glenlossie,whisky,glenlossie
Glenmorangie,whisky,glenmorangie
Glenrothes,whisky,glenrothes
Glentauchers,whisky,glentauchers
Glenturret,whisky,glenturret
Glenugie,whisky,glenugie
Glenury Royal,whisky,glenury-royal
Glenwyvis,whisky,glenwyvis
Hazelburn,whisky,hazelburn
Highland Park,whisky,highland-park
Hillside,whisky,hillside
Holyrood,whisky,holyrood
Ileach,whisky,ileach
Imperial,whisky,imperial
Inchgower,whisky,inchgower
Inchmoan,whisky,inchmoan
Inchmurrin,whisky,inchmurrin
Inverleven,whisky,inverleven
Isle of Harris,whisky,isle-of-harris
Isle of Raasay,whisky,isle-of-raasay
Johnny Cree,whisky,johnny-cree
Jura,whisky,jura
Kilchoman,whisky,kilchoman
Kilkerran,whisky,kilkerran
Killyloch,whisky,killyloch
Kinclaith,whisky,kinclaith
Kingsbarns,whisky,kingsbarns
Kininvie,whisky,kininvie
Knockando,whisky,knockando
Knockdhu,whisky,knockdhu
Ladyburn,whisky,ladyburn
Lagavulin,whisky,lagavulin
Lagg,whisky,lagg
Laphroaig,whisky,laphroaig
Ledaig,whisky,ledaig
Linkwood,whisky,linkwood
Linlithgow,whisky,linlithgow
Littlemill,whisky,littlemill
Loch Dhu,whisky,loch-dhu
Lochlea,whisky,lochlea
Longmorn,whisky,longmorn
Longrow,whisky,longrow
Macallan,whisky,macallan
Macduff,whisky,macduff
MacPhail's,whisky,macphails
Mac-Talla,whisky,mac-talla
Mannochmore,whisky,mannochmore
Meikle Toir,whisky,meikle-toir
Millburn,whisky,millburn
Miltonduff,whisky,miltonduff
Mortlach,whisky,mortlach
Mosstowie,whisky,mosstowie
Nc'nean,whisky,ncnean
North Port (Brechin),whisky,north-port
Oban,whisky,oban
Octomore,whisky,octomore
Old Ballantruan,whisky,old-ballantruan
Old Elgin,whisky,old-elgin
Old Orkney,whisky,old-orkney
Old Pulteney,whisky,old-pulteney
Old Rhosdhu,whisky,old-rhosdhu
Pittyvaich,whisky,pittyvaich
Port Askaig,whisky,port-askaig
Port Charlotte,whisky,port-charlotte
Port Ellen,whisky,port-ellen
Pride of Islay,whisky,pride-of-islay
Pride of Strathspey,whisky,pride-of-strathspey
Rosebank,whisky,rosebank
Roseisle,whisky,roseisle
Royal Brackla,whisky,royal-brackla
Royal Lochnagar,whisky,royal-lochnagar
Scapa,whisky,scapa
Singleton,whisky,singleton
Singleton of Dufftown,whisky,singleton-of-dufftown
Smokehead,whisky,smokehead
Spey,whisky,spey
Speyburn,whisky,speyburn
Speyside,whisky,speyside
Springbank,whisky,springbank
St Magdalene,whisky,st-magdalene
Strathearn,whisky,strathearn
Strathisla,whisky,strathisla
Strathmill,whisky,strathmill
Talisker,whisky,talisker
Tamdhu,whisky,tamdhu
Tamnavulin,whisky,tamnavulin
Tobermory,whisky,tobermory
Tomatin,whisky,tomatin
Tomintoul,whisky,tomintoul
Torabhaig,whisky,torabhaig
Tormore,whisky,tormore
Tullibardine,whisky,tullibardine
Undisclosed Distillery,whisky,undisclosed-distillery
Wolfburn,whisky,wolfburn
Aalborg,Other Spirits,aalborg
ABA,Other Spirits,aba
Abelha,Other Spirits,abelha
Abou Elias,Other Spirits,abou-elias
Absente 55,Other Spirits,absente-55
Agave Australis,Other Spirits,agave-australis
Aguamiel,Other Spirits,aguamiel
Ahus Akvavit,Other Spirits,ahus-akvavit
Almqvist,Other Spirits,almqvist
Amboka,Other Spirits,amboka
Antinori,Other Spirits,antinori
Arack As-Samir,Other Spirits,arack-as-samir
Ararat,Other Spirits,ararat
Asbach,Other Spirits,asbach
Assenzio,Other Spirits,assenzio
Avallen,Other Spirits,avallen
Bacardi,Other Spirits,bacardi
Ban,Other Spirits,ban
Barsol,Other Spirits,barsol
Belvedere,Other Spirits,belvedere
Bepi Tosolini,Other Spirits,bepi-tosolini
Berghof,Other Spirits,berghof
Berneroy,Other Spirits,berneroy
Birds,Other Spirits,birds
Blackwater,Other Spirits,blackwater
Bodega,Other Spirits,bodega
Bodega Murga,Other Spirits,bodega-murga
Boukha,Other Spirits,boukha
Boulard,Other Spirits,boulard
Briottet,Other Spirits,briottet
Burnt Faith,Other Spirits,burnt-faith
Busnel,Other Spirits,busnel
Campo de Encanto,Other Spirits,campo-de-encanto
Camut,Other Spirits,camut
Capovilla,Other Spirits,capovilla
Capreolus,Other Spirits,capreolus
Cardenal Mendoza,Other Spirits,cardenal-mendoza
Carlos I,Other Spirits,carlos-i
Charmed Circle,Other Spirits,charmed-circle
Chateau du Breuil,Other Spirits,chateau-du-breuil
Christian Drouin,Other Spirits,christian-drouin
Ciroc,Other Spirits,ciroc
Coeur du Breuil,Other Spirits,coeur-du-breuil
Cointreau,Other Spirits,cointreau
Combier,Other Spirits,combier
Daisi,Other Spirits,daisi
Demonio De Los Andes,Other Spirits,demonio-de-los-andes
Devil's Botany,Other Spirits,devils-botany
Didier Lemorton,Other Spirits,didier-lemorton
Distilleria Francesco S. Massenza,Other Spirits,distilleria-francesco-s-massenza
Domaine de la Flaguerie,Other Spirits,domaine-de-la-flaguerie
Domus,Other Spirits,domus
Drouet,Other Spirits,drouet
Du Coquerel,Other Spirits,du-coquerel
Dupont,Other Spirits,dupont
El Cabron,Other Spirits,el-cabron
El Gobernador,Other Spirits,el-gobernador
El Massaya,Other Spirits,el-massaya
Empirical,Other Spirits,empirical
Empirical Spirits,Other Spirits,empirical-spirits
Eric Bordelet,Other Spirits,eric-bordelet
Farmily,Other Spirits,farmily
Fernando de Castilla,Other Spirits,fernando-de-castilla
Francesco S. Massenza,Other Spirits,francesco-s-massenza
Freya,Other Spirits,freya
Fundador,Other Spirits,fundador
Gaja,Other Spirits,gaja
Germana,Other Spirits,germana
Gran Duque D'Alba,Other Spirits,gran-duque-dalba
Grand Absente,Other Spirits,grand-absente
Grey Goose,Other Spirits,grey-goose
Hacienda de Chihuahua,Other Spirits,hacienda-de-chihuahua
Hapsburg,Other Spirits,hapsburg
Hautes Glaces,Other Spirits,hautes-glaces
Henry de Querville,Other Spirits,henry-de-querville
Hepple,Other Spirits,hepple
Hikari,Other Spirits,hikari
Hong Yun,Other Spirits,hong-yun
Hongxing,Other Spirits,hongxing
Hwasim,Other Spirits,hwasim
Iichiko,Other Spirits,iichiko
J&J Brewery,Other Spirits,j-j-brewery
J&J Brewery,Other Spirits,j-and-j-brewery
Jacopo Poli,Other Spirits,jacopo-poli
Jade,Other Spirits,jade
Jelinek,Other Spirits,jelinek
Jeptha Creed,Other Spirits,jeptha-creed
Jinmaek,Other Spirits,jinmaek
Joeunsool,Other Spirits,joeunsool
Julia,Other Spirits,julia
Ketel One,Other Spirits,ketel-one
Kweichow,Other Spirits,kweichow
Kweichow Moutai,Other Spirits,kweichow-moutai
La Diablada,Other Spirits,la-diablada
La Fée,Other Spirits,la-fee
La Higuera,Other Spirits,la-higuera
La Maison Fontaine,Other Spirits,la-maison-fontaine
La Travesia,Other Spirits,la-travesia
La Venenosa,Other Spirits,la-venenosa
Laballe,Other Spirits,laballe
Laird's,Other Spirits,lairds
Lalocura,Other Spirits,lalocura
Lang Pai Te,Other Spirits,lang-pai-te
Leblon,Other Spirits,leblon
Lemorton,Other Spirits,lemorton
Lepanto,Other Spirits,lepanto
Linie,Other Spirits,linie
Louis Lemorton,Other Spirits,louis-lemorton
Louis Roque,Other Spirits,louis-roque
Lubberhuizen & Raaff,Other Spirits,lubberhuizen-raaff
Lubberhuizen & Raaff,Other Spirits,lubberhuizen-and-raaff
Luigi Francoli,Other Spirits,luigi-francoli
Luzhou Laojiao,Other Spirits,luzhou-laojiao
Macchu,Other Spirits,macchu
Macieira,Other Spirits,macieira
Mad,Other Spirits,mad
Maltrana,Other Spirits,maltrana
Maraska,Other Spirits,maraska
Marquis de Montdidier,Other Spirits,marquis-de-montdidier
Martell,Other Spirits,martell
Maya Pistola,Other Spirits,maya-pistola
Metaxa,Other Spirits,metaxa
Michel Huard,Other Spirits,michel-huard
Miclo,Other Spirits,miclo
Mikkeller,Other Spirits,mikkeller
Ming River,Other Spirits,ming-river
Morin,Other Spirits,morin
Nardini,Other Spirits,nardini
Nikka,Other Spirits,nikka
Nocheluna,Other Spirits,nocheluna
Nonino,Other Spirits,nonino
Nusbaumer,Other Spirits,nusbaumer
O.P Anderson,Other Spirits,o-p-anderson
Off the Cuffee,Other Spirits,off-the-cuffee
Ono,Other Spirits,ono
Otogo,Other Spirits,otogo
Outlier,Other Spirits,outlier
Pal’alma,Other Spirits,palalma
Paul John,Other Spirits,paul-john
Pere Magloire,Other Spirits,pere-magloire
Pernod,Other Spirits,pernod
Pierre Huet,Other Spirits,pierre-huet
Pojer e Sandri,Other Spirits,pojer-e-sandri
Poongjeong,Other Spirits,poongjeong
Quaglia,Other Spirits,quaglia
Quarter Proof,Other Spirits,quarter-proof
Reisetbauer,Other Spirits,reisetbauer
Ricard,Other Spirits,ricard
Rochelt,Other Spirits,rochelt
Roger Groult,Other Spirits,roger-groult
Romano Levi,Other Spirits,romano-levi
Roots,Other Spirits,roots
San Leonardo,Other Spirits,san-leonardo
Satoh,Other Spirits,satoh
Sebor,Other Spirits,sebor
Seven Tails,Other Spirits,seven-tails
Silver Circle,Other Spirits,silver-circle
Sin Gusano,Other Spirits,sin-gusano
Singani 63,Other Spirits,singani-63
Soberano,Other Spirits,soberano
Somerset,Other Spirits,somerset
Somerset Cider,Other Spirits,somerset-cider
Sotoleros,Other Spirits,sotoleros
Spirytus,Other Spirits,spirytus
St George,Other Spirits,st-george
St Remy,Other Spirits,st-remy
Stock,Other Spirits,stock
Sulseam,Other Spirits,sulseam
Taikun,Other Spirits,taikun
Tarquin's,Other Spirits,tarquins
Tempus Fugit,Other Spirits,tempus-fugit
Theakston,Other Spirits,theakston
Three Barrels,Other Spirits,three-barrels
Three Olives,Other Spirits,three-olives
Torres,Other Spirits,torres
Toyonaga,Other Spirits,toyonaga
Twenty,Other Spirits,twenty
Vecchia Romagna,Other Spirits,vecchia-romagna
Velho Barreiro,Other Spirits,velho-barreiro
Verdor,Other Spirits,verdor
Vulson,Other Spirits,vulson
Waqar,Other Spirits,waqar
Weber Haus,Other Spirits,weber-haus
Wihayo,Other Spirits,wihayo
Wuliangye,Other Spirits,wuliangye
Xinghuacun,Other Spirits,xinghuacun
Yaguara,Other Spirits,yaguara
Yamanomori,Other Spirits,yamanomori
Yeni,Other Spirits,yeni
Ysabel Regina,Other Spirits,ysabel-regina
Abasolo,whisky,abasolo
Aber Falls,whisky,aber-falls
Agitator,whisky,agitator
Aikan,whisky,aikan
Amaethon,whisky,amaethon
Amahagan,whisky,amahagan
Amrut,whisky,amrut
Arlett,whisky,arlett
Armorik,whisky,armorik
autes Glaces,whisky,autes-glaces
Backwoods,whisky,backwoods
Bakery Hill,whisky,bakery-hill
Bankhall,whisky,bankhall
Bimber,whisky,bimber
Blavier,whisky,blavier
Box,whisky,box
Brenne,whisky,brenne
Cardrona,whisky,cardrona
Carpathian,whisky,carpathian
Castan-Vilanova,whisky,castan-vilanova
Circumstance,whisky,circumstance
Circumstantial,whisky,circumstantial
Coastal Stone,whisky,coastal-stone
Copenhagen,whisky,copenhagen
Corowa,whisky,corowa
Cotswolds,whisky,cotswolds
Dartmoor,whisky,dartmoor
Distillerie de Paris,whisky,distillerie-de-paris
East London Liquor,whisky,east-london-liquor
Equipos Navazos,whisky,equipos-navazos
Feddie,whisky,feddie
Fielden,whisky,fielden
Filey Bay,whisky,filey-bay
Finch,whisky,finch
Fleurieu,whisky,fleurieu
Floki,whisky,floki
Forest,whisky,forest
Glann Ar Mor,whisky,glann-ar-mor
Goalong,whisky,goalong
Godawan,whisky,godawan
Gwalarn,whisky,gwalarn
Hardenberg,whisky,hardenberg
Hatozaki,whisky,hatozaki
Hautes Glaces,whisky,hautes-glaces
Hellyers Road,whisky,hellyers-road
Helsink,whisky,helsink
High Coast,whisky,high-coast
Hordeum,whisky,hordeum
Indri,whisky,indri
Indri Dru,whisky,indri-dru
Jaar,whisky,jaar
Jiu Hai Bu Gan,whisky,jiu-hai-bu-gan
Kaiyo,whisky,kaiyo
Kavalan,whisky,kavalan
Ki One,whisky,ki-one
Kimchangsoo,whisky,kimchangsoo
Kornog,whisky,kornog
Kyro,whisky,kyro
La Piautre,whisky,la-piautre
La Roche Aux Fees,whisky,la-roche-aux-fees
Laizhou,whisky,laizhou
Langatun,whisky,langatun
Launceston,whisky,launceston
Le Breuil,whisky,le-breuil
London Distillery Company,whisky,london-distillery-company
Michel Couvreur,whisky,michel-couvreur
Milk & Honey,whisky,milk-honey
Milk & Honey,whisky,milk-and-honey
Millstone,whisky,millstone
Morris,whisky,morris
Muteman,whisky,muteman
Myken,whisky,myken
New Zealand Whisky Company,whisky,new-zealand-whisky-company
Oxford,whisky,oxford
Paul John,whisky,paul-john
Pelter,whisky,pelter
Penderyn,whisky,penderyn
Pokeno,whisky,pokeno
Prakaan,whisky,prakaan
Rampur,whisky,rampur
Retribution,whisky,retribution
Rosemaund Farm,whisky,rosemaund-farm
Rozelieures,whisky,rozelieures
Sacred,whisky,sacred
Saillt Mor,whisky,saillt-mor
Scapegrace,whisky,scapegrace
Secale,whisky,secale
Seven Seals,whisky,seven-seals
Shinju,whisky,shinju
Smogen,whisky,smogen
Spirit of Hven,whisky,spirit-of-hven
Starward,whisky,starward
Stauning,whisky,stauning
Stork Club,whisky,stork-club
Sullivans Cove,whisky,sullivans-cove
Taketsuru,whisky,taketsuru
Teerenpeli,whisky,teerenpeli
The English Distillery,whisky,the-english-distillery
The Gospel,whisky,the-gospel
The Heart Cut,whisky,the-heart-cut
The Lakes,whisky,the-lakes
The Sandebud,whisky,the-sandebud
Thomson,whisky,thomson
Thy,whisky,thy
Tokinoka,whisky,tokinoka
Version Francaise,whisky,version-francaise
Vulson,whisky,vulson
Wambrechies,whisky,wambrechies
Weetwood,whisky,weetwood
White Peak,whisky,white-peak
Yushan,whisky,yushan
Zuidam,whisky,zuidam
