category,brand,keywords
Chocolate liqueur,Afrikoko,Afrikoko
Chocolate liqueur,Ashanti Gold,Ashanti Gold
Chocolate liqueur,Bicerin Di Giandujotto,Bicerin Di Giandujotto
Chocolate liqueur,Godiva Dark Chocolate,Godiva Dark Chocolate
Chocolate liqueur,Intramuros Liqueur de Cacao,Intramuros Liqueur de Cacao|Intramuros
Chocolate liqueur,Liqueur Fogg,Liqueur Fogg|Fogg
Chocolate liqueur,Mozart Black,Mozart Black
Chocolate liqueur,OM Dark Chocolate & Sea Salt Liqueur,OM Dark Chocolate & Sea Salt Liqueur|OM Dark Chocolate & Sea Salt
Chocolate liqueur,Royal Mint-Chocolate Liqueur,Royal Mint-Chocolate Liqueur|Royal Mint-Chocolate
Chocolate liqueur,Sabra liqueur,Sabra liqueur|Sabra
Chocolate liqueur,Thornton's Chocolate Liqueur,Thornton's Chocolate Liqueur|Thornton's Chocolate
Chocolate liqueur,Mon Chéri,Mon Chéri
Chocolate cream liqueur,Cadbury Cream Liqueur,Cadbury Cream Liqueur|Cadbury Cream|Cadbury
Chocolate cream liqueur,Dooley's White Chocolate Cream Liqueur,Dooley's White Chocolate Cream Liqueur|Dooley's White Chocolate Cream|Dooley's White Chocolate
Chocolate cream liqueur,Dorda Double Chocolate Liqueur,Dorda Double Chocolate Liqueur|Dorda Double Chocolate
Chocolate cream liqueur,Dwersteg's Organic Chocolate Cream Liqueur,Dwersteg's Organic Chocolate Cream Liqueur|Dwersteg's Organic Chocolate Cream|Dwersteg's Organic Chocolate
Chocolate cream liqueur,Godiva White Chocolate,Godiva White Chocolate
Chocolate cream liqueur,Hotel Chocolat Velvetised Chocolate Cream,Hotel Chocolat Velvetised Chocolate Cream|Hotel Chocolat Velvetised Chocolate
Chocolate cream liqueur,Florcello Chocolate Orange Cream Liqueur,Florcello Chocolate Orange Cream Liqueur|Florcello Chocolate Orange Cream|Florcello Chocolate Orange
Chocolate cream liqueur,Mozart Gold Chocolate Cream Liqueur,Mozart Gold Chocolate Cream Liqueur|Mozart Gold Chocolate Cream|Mozart Gold Chocolate
Chocolate cream liqueur,Mozart White Chocolate Cream Liqueur,Mozart White Chocolate Cream Liqueur|Mozart White Chocolate Cream|Mozart White Chocolate
Chocolate cream liqueur,Vana Tallinn Chocolate Cream,Vana Tallinn Chocolate Cream|Vana Tallinn Chocolate
Chocolate cream liqueur,Vermeer Dutch Chocolate Cream Liqueur,Vermeer Dutch Chocolate Cream Liqueur|Vermeer Dutch Chocolate Cream|Vermeer Dutch Chocolate
Coffee liqueurs,Allen's Coffee Brandy,Allen's Coffee Brandy|Allen's
Coffee liqueurs,Amaro 1716 Café du Soir,Amaro 1716 Café du Soir
Coffee liqueurs,Richardo's Decaf Coffee Liqueur,Richardo's Decaf Coffee Liqueur|Richardo's Decaf Coffee|Richardo's Decaf
Coffee liqueurs,Café Rica,Café Rica
Coffee liqueurs,Caffè Borghetti,Caffè Borghetti
Coffee liqueurs,Cazcabel,Cazcabel
Coffee liqueurs,Kahlúa,Kahlúa
Coffee liqueurs,Kamok,Kamok|French|coffee|liqueur
Coffee liqueurs,Kamora,Kamora|Mexican|coffee|liqueur
Coffee liqueurs,Kavalan Distillery Sweet coffee liqueur,Kavalan Distillery Sweet coffee liqueur|Kavalan Distillery Sweet coffee|Kavalan Distillery Sweet
Coffee liqueurs,Kapali Coffee Liqueur,Kapali Coffee Liqueur|Kapali Coffee|Kapali
Coffee liqueurs,Liqueurious Coffea Coffee Liqueur,Liqueurious Coffea Coffee Liqueur|Liqueurious Coffea Coffee|Liqueurious Coffea
Coffee liqueurs,Liqueurious Coffea Decaf Coffee Liqueur,Liqueurious Coffea Decaf Coffee Liqueur|Liqueurious Coffea Decaf Coffee|Liqueurious Coffea Decaf
Coffee liqueurs,Licor de café,Licor de café
Coffee liqueurs,Midnight Espresso Regular Coffee Liqueur,Midnight Espresso Regular Coffee Liqueur|Midnight Espresso Regular Coffee|Midnight Espresso Regular
Coffee liqueurs,Midnight Espresso Decaf Coffee Liqueur,Midnight Espresso Decaf Coffee Liqueur|Midnight Espresso Decaf Coffee|Midnight Espresso Decaf
Coffee liqueurs,Mr Black Cold Brew Coffee Liqueur,Mr Black Cold Brew Coffee Liqueur|Mr Black Cold Brew Coffee|Mr Black Cold Brew
Coffee liqueurs,Mr Black Cold Brew Coffee Amaro,Mr Black Cold Brew Coffee Amaro|Mr Black Cold Brew
Coffee liqueurs,Patrón XO Cafe,Patrón XO Cafe
Coffee liqueurs,Sabroso,Sabroso
Coffee liqueurs,Sheridan's,Sheridan's
Coffee liqueurs,Sombai Anise & Coffee rice liqueur,Sombai Anise & Coffee rice liqueur|Sombai Anise & Coffee rice|Sombai Anise &
Coffee liqueurs,Flor de Caña Spresso,Flor de Caña Spresso
Coffee liqueurs,San Andre,San Andre
Coffee liqueurs,St. George Spirits NOLA Coffee Liqueur,St. George Spirits NOLA Coffee Liqueur|St. George Spirits NOLA Coffee|St. George Spirits NOLA
Coffee liqueurs,Tia Maria,Tia Maria
Coffee liqueurs,Toussaint Coffee Liqueur,Toussaint Coffee Liqueur|Toussaint Coffee|Toussaint
Coffee liqueurs,B52 Coffee Liqueur,B52 Coffee Liqueur|B52 Coffee|B52
Cream liqueurs,Advocaat,Advocaat
Cream liqueurs,Amarula,Amarula
Cream liqueurs,Baileys Irish Cream,Baileys Irish Cream|Baileys Irish
Cream liqueurs,Coole Swan Irish Cream Liqueur,Coole Swan Irish Cream Liqueur|Coole Swan Irish Cream|Coole Swan Irish
Cream liqueurs,Carolans Irish Cream,Carolans Irish Cream|Carolans Irish
Cream liqueurs,Crema Fina,Crema Fina
Cream liqueurs,Cruzan Rum Cream,Cruzan Rum Cream|Cruzan Rum
Cream liqueurs,Dooley's,Dooley's
Cream liqueurs,DV8 Gold,DV8 Gold
Cream liqueurs,DV8 Pink Gin,DV8 Pink Gin
Cream liqueurs,Heather Cream,Heather Cream|Heather
Cream liqueurs,Kerrygold Irish Cream Liqueur,Kerrygold Irish Cream Liqueur|Kerrygold Irish Cream|Kerrygold Irish
Cream liqueurs,Malibu,Malibu
Cream liqueurs,Ponche crema,Ponche crema
Cream liqueurs,Rompope,Rompope
Cream liqueurs,RumChata,RumChata
Cream liqueurs,Sangster's,Sangster's
Cream liqueurs,Saint Brendan's Irish Cream Liqueur,Saint Brendan's Irish Cream Liqueur|Saint Brendan's Irish Cream|Saint Brendan's Irish
Cream liqueurs,Tequila Rose,Tequila Rose
Cream liqueurs,Vana Tallinn Cream,Vana Tallinn Cream|Vana Tallinn
Cream liqueurs,Vermeer Dutch Chocolate Cream Liqueur,Vermeer Dutch Chocolate Cream Liqueur|Vermeer Dutch Chocolate Cream|Vermeer Dutch Chocolate
Cream liqueurs,Vodkow Cream Liqueur,Vodkow Cream Liqueur|Vodkow Cream|Vodkow
Cream liqueurs,Voodoo Cream Liqueur,Voodoo Cream Liqueur|Voodoo Cream|Voodoo
Crème liqueurs,Crème de banane,Crème de banane
Crème liqueurs,Crème de cacao,Crème de cacao
Crème liqueurs,Crème de cassis,Crème de cassis
Crème liqueurs,Crème de Cerise,Crème de Cerise
Crème liqueurs,Crème de menthe,Crème de menthe
Crème liqueurs,Crème de Noyaux,Crème de Noyaux
Crème liqueurs,Creme de violette,Creme de violette
Crème liqueurs,Creme Yvette,Creme Yvette
Crème liqueurs,Parfait d'Amour,Parfait d'Amour
Flower liqueurs,Crème de violette,Crème de violette
Flower liqueurs,Creme Yvette,Creme Yvette
Flower liqueurs,Rosolio,Rosolio
Flower liqueurs,Italicus,Italicus
Flower liqueurs,St-Germain,St-Germain
Berry liqueurs,Chambord,Chambord
Berry liqueurs,Crème de cassis,Crème de cassis
Berry liqueurs,Guavaberry,Guavaberry
Berry liqueurs,Hideous,Hideous
Berry liqueurs,Lakka,Lakka
Berry liqueurs,Lillehammer,Lillehammer
Berry liqueurs,Mirto,Mirto
Berry liqueurs,Mouse Kingdom Liqueurs,Mouse Kingdom Liqueurs
Berry liqueurs,Murtado,Murtado
Berry liqueurs,XUXU,XUXU
Berry liqueurs,Og natura Stone Bramble Liqueur,Og natura Stone Bramble Liqueur|Og natura Stone Bramble
Cherry liqueurs,Cherry Heering,Cherry Heering
Cherry liqueurs,Ginjinha,Ginjinha
Cherry liqueurs,Guignolet,Guignolet
Cherry liqueurs,Maraschino,Maraschino
Cherry liqueurs,Vișinată,Vișinată
Orange liqueurs,Aurum,Aurum
Orange liqueurs,Cointreau,Cointreau
Orange liqueurs,Curaçao,Curaçao
Orange liqueurs,Garluche,Garluche
Orange liqueurs,Grand Marnier,Grand Marnier
Orange liqueurs,GranGala,GranGala
Orange liqueurs,Hesperidina,Hesperidina
Orange liqueurs,Mandarine Napoléon,Mandarine Napoléon
Orange liqueurs,Triple sec,Triple sec
Orange liqueurs,Van Der Hum,Van Der Hum
Other,99 Schnapps,99 Schnapps
Other,Amarula,Amarula
Other,Bajtra,Bajtra
Other,Cuarenta Y Tres,Cuarenta Y Tres
Other,Licor 43,Licor 43
Other,Damson gin,Damson gin
Other,Hpnotiq,Hpnotiq
Other,Jabuticaba,Jabuticaba
Other,Kruškovac,Kruškovac
Other,Kwai Feh,Kwai Feh
Other,Lichido,Lichido
Other,Limoncello,Limoncello
Other,Manzana verde,Manzana verde
Other,Medronho,Medronho
Other,Midori,Midori
Other,Noyau de Poissy,Noyau de Poissy
Other,Pama,Pama
Other,Passoã,Passoã
Other,Pisang Ambon,Pisang Ambon
Other,Pucker,Pucker
Other,Rhythm,Rhythm
Other,Sloe gin,Sloe gin
Other,Soho,Soho
Other,Sombai,Sombai
Other,TY KU,TY KU
Other,Umeshu,Umeshu
Other,X-Rated Fusion Liqueur,X-Rated Fusion Liqueur|X-Rated Fusion
Other,Yangmeijiu,Yangmeijiu
Anise-flavored liqueurs,Anís,Anís
Anise-flavored liqueurs,Licor Aniz Escarchado,Licor Aniz Escarchado
Anise-flavored liqueurs,Anisette,Anisette
Anise-flavored liqueurs,Centerbe,Centerbe
Anise-flavored liqueurs,Galliano,Galliano
Anise-flavored liqueurs,Herbsaint,Herbsaint
Anise-flavored liqueurs,Passione Nera,Passione Nera
Anise-flavored liqueurs,Pastis,Pastis
Anise-flavored liqueurs,Patxaran,Patxaran
Anise-flavored liqueurs,Ricard,Ricard
Anise-flavored liqueurs,Sambuca,Sambuca
Anise-flavored liqueurs,Sombai Anise & Coffee,Sombai Anise & Coffee|Sombai Anise &
Anise-flavored liqueurs,Vespetrò,Vespetrò
Anise-flavored liqueurs,Xtabentún,Xtabentún
Anise-flavored liqueurs,Cucui,Cucui
Other herbal liqueurs,Allasch,Allasch
Other herbal liqueurs,Agwa de Bolivia,Agwa de Bolivia
Other herbal liqueurs,Altvater,Altvater
Other herbal liqueurs,Amaro,Amaro
Other herbal liqueurs,Becherovka,Becherovka
Other herbal liqueurs,Beirão,Beirão
Other herbal liqueurs,Bénédictine,Bénédictine
Other herbal liqueurs,Boilo,Boilo
Other herbal liqueurs,Calisaya,Calisaya
Other herbal liqueurs,Canton,Canton
Other herbal liqueurs,Chartreuse,Chartreuse
Other herbal liqueurs,Cynar,Cynar
Other herbal liqueurs,Demänovka,Demänovka
Other herbal liqueurs,Danzig Goldwasser,Danzig Goldwasser
Other herbal liqueurs,Everglo,Everglo
Other herbal liqueurs,Fernet,Fernet
Other herbal liqueurs,Galliano,Galliano
Other herbal liqueurs,Gammel Dansk Bitter Dram,Gammel Dansk Bitter Dram|Gammel Dansk
Other herbal liqueurs,Goldschläger,Goldschläger
Other herbal liqueurs,Jaan Paan Liqueur,Jaan Paan Liqueur|Jaan Paan
Other herbal liqueurs,Jägermeister,Jägermeister
Other herbal liqueurs,Jing Jiu,Jing Jiu
Other herbal liqueurs,Killepitsch,Killepitsch
Other herbal liqueurs,Krampus Herbal Liqueur,Krampus Herbal Liqueur|Krampus Herbal
Other herbal liqueurs,Krupnik,Krupnik
Other herbal liqueurs,Kümmel,Kümmel
Other herbal liqueurs,Mamajuana,Mamajuana
Other herbal liqueurs,Mastica,Mastica
Other herbal liqueurs,Mastichato,Mastichato
Other herbal liqueurs,Menta,Menta
Other herbal liqueurs,Metaxa,Metaxa
Other herbal liqueurs,Minttu,Minttu
Other herbal liqueurs,Riga Black Balsam,Riga Black Balsam
Other herbal liqueurs,Singeverga,Singeverga
Other herbal liqueurs,Strega,Strega
Other herbal liqueurs,Tubi 60,Tubi 60
Other herbal liqueurs,Underberg,Underberg
Other herbal liqueurs,Unicum,Unicum
Other herbal liqueurs,Yomeishu,Yomeishu
Honey liqueurs,Bärenjäger,Bärenjäger
Honey liqueurs,Bénédictine,Bénédictine
Honey liqueurs,Boilo,Boilo
Honey liqueurs,Chambord,Chambord
Honey liqueurs,Drambuie,Drambuie
Honey liqueurs,Glayva,Glayva
Honey liqueurs,Irish Mist,Irish Mist
Honey liqueurs,Krambambula,Krambambula
Honey liqueurs,Krampus Herbal Liqueur,Krampus Herbal Liqueur|Krampus Herbal
Honey liqueurs,Krupnik,Krupnik
Honey liqueurs,Mama Juana,Mama Juana
Honey liqueurs,Rakomelo,Rakomelo
Honey liqueurs,Ron miel,Ron miel
Honey liqueurs,Xtabentún,Xtabentún
Honey liqueurs,Yukon Jack,Yukon Jack
Nut-flavored liqueurs,Amaretto,Amaretto
Nut-flavored liqueurs,Disaronno,Disaronno
Nut-flavored liqueurs,Frangelico,Frangelico
Nut-flavored liqueurs,Kahana Royale,Kahana Royale
Nut-flavored liqueurs,Krampus Herbal Liqueur,Krampus Herbal Liqueur|Krampus Herbal
Nut-flavored liqueurs,Nocello,Nocello
Nut-flavored liqueurs,Nocino,Nocino
Nut-flavored liqueurs,Orahovac,Orahovac
Nut-flavored liqueurs,Peanut liqueur,Peanut liqueur|Peanut
Nut-flavored liqueurs,Peanut Lolita,Peanut Lolita
Nut-flavored liqueurs,Pochteca Almond Liqueur,Pochteca Almond Liqueur|Pochteca Almond
Nut-flavored liqueurs,Ratafia,Ratafia
Nut-flavored liqueurs,Rivulet,Rivulet
Whisky liqueurs,Atholl Brose,Atholl Brose
Whisky liqueurs,Bruadar,Bruadar
Whisky liqueurs,Cock o' the North,Cock o' the North
Whisky liqueurs,Drambuie,Drambuie
Whisky liqueurs,Eblana,Eblana
Whisky liqueurs,Famous Grouse liqueur,Famous Grouse liqueur|Famous Grouse
Whisky liqueurs,Fireball Cinnamon Whisky,Fireball Cinnamon Whisky|Fireball Cinnamon
Whisky liqueurs,Forty Creek Premium Cream Liqueur,Forty Creek Premium Cream Liqueur|Forty Creek Premium Cream|Forty Creek Premium
Whisky liqueurs,Glayva,Glayva
Whisky liqueurs,Glenfiddich Malt liqueur,Glenfiddich Malt liqueur|Glenfiddich Malt
Whisky liqueurs,Glenturret Malt liqueur,Glenturret Malt liqueur|Glenturret Malt
Whisky liqueurs,Heaven Hill,Heaven Hill
Whisky liqueurs,Irish Mist,Irish Mist
Whisky liqueurs,Jack Daniel's Tennessee Honey,Jack Daniel's Tennessee Honey
Whisky liqueurs,Jeremiah Weed,Jeremiah Weed
Whisky liqueurs,Jim Beam Honey,Jim Beam Honey
Whisky liqueurs,Jim Beam Red Stag,Jim Beam Red Stag
Whisky liqueurs,Lochan Ora,Lochan Ora
Whisky liqueurs,Murray Scottish Highland Liqueur,Murray Scottish Highland Liqueur|Murray Scottish Highland
Whisky liqueurs,Mystic Bourbon Liqueur,Mystic Bourbon Liqueur|Mystic Bourbon
Whisky liqueurs,Old Pulteney liqueur,Old Pulteney liqueur|Old Pulteney
Whisky liqueurs,Orangerie,Orangerie
Whisky liqueurs,Rock and Rye,Rock and Rye
Whisky liqueurs,Sortilège Maple Whiskey Liqueur,Sortilège Maple Whiskey Liqueur|Sortilège Maple Whiskey|Sortilège Maple
Whisky liqueurs,Stag's Breath,Stag's Breath
Whisky liqueurs,Southern Comfort,Southern Comfort
Whisky liqueurs,Sweet Revenge,Sweet Revenge
Whisky liqueurs,The Knot,The Knot
Whisky liqueurs,Wallace Liqueur,Wallace Liqueur|Wallace
Whisky liqueurs,Wild Turkey American Honey,Wild Turkey American Honey
Whisky liqueurs,Yukon Jack,Yukon Jack
Other liqueurs,Advocaat,Advocaat
Other liqueurs,After Shock,After Shock
Other liqueurs,Agnes,Agnes
Other liqueurs,Ancho Reyes,Ancho Reyes
Other liqueurs,Armada,Armada
Other liqueurs,Aurum,Aurum
Other liqueurs,Baczewski,Baczewski
Other liqueurs,Bärenfang,Bärenfang
Other liqueurs,Beechleaf noyau,Beechleaf noyau
Other liqueurs,Bloody Oath,Bloody Oath
Other liqueurs,Campari,Campari
Other liqueurs,Cohasset Punch,Cohasset Punch
Other liqueurs,Cynar,Cynar
Other liqueurs,Damiana,Damiana
Other liqueurs,Gabriel,Gabriel
Other liqueurs,Génépi,Génépi
Other liqueurs,Izarra,Izarra
Other liqueurs,Jumbie,Jumbie
Other liqueurs,Kajmir,Kajmir
Other liqueurs,kareek rum,kareek rum
Other liqueurs,Kännu Kukk,Kännu Kukk
Other liqueurs,Licor de oro,Licor de oro
Other liqueurs,Liqueurs de Sodabi,Liqueurs de Sodabi
Other liqueurs,Malört,Malört
Other liqueurs,Mesi,Mesi
Other liqueurs,Palm wine,Palm wine
Other liqueurs,Patxaran,Patxaran
Other liqueurs,Pimento Dram,Pimento Dram
Other liqueurs,Returner,Returner
Other liqueurs,Qi,Qi
Other liqueurs,Qi White,Qi White
Other liqueurs,Rumpleminze,Rumpleminze
Other liqueurs,Salmiakki Koskenkorva,Salmiakki Koskenkorva
Other liqueurs,Sève Fournier,Sève Fournier
Other liqueurs,Sorel or Sorrel,Sorel or Sorrel
Other liqueurs,Swedish Punsch,Swedish Punsch
Other liqueurs,Tuaca,Tuaca
Other liqueurs,TY KU,TY KU
Other liqueurs,Vana Tallinn,Vana Tallinn
Other liqueurs,Vov,Vov
Other liqueurs,Voyant Chai Cream,Voyant Chai Cream|Voyant Chai
Other liqueurs,Y Chilli,Y Chilli
