brand,category
Alberta Premium,Canadian Whisky
Alberta Springs,Canadian Whisky
Canadian Club,Canadian Whisky
CEO,Canadian Whisky
Crown Royal,Canadian Whisky
Forty Creek,Canadian Whisky
JP Wiser's,Canadian Whisky
Lot 40,Canadian Whisky
Macaloney’s,Canadian Whisky
Pendleton,Canadian Whisky
Red Bank,Canadian Whisky
Royal Canadian,Canadian Whisky
Signal Hill,Canadian Whisky
Two Brewers,Canadian Whisky
Aelred,Vermouth and Aperitif
Aker,Vermouth and Aperitif
Angostura,Vermouth and Aperitif
Antica,Vermouth and Aperitif
Antica Formula,Vermouth and Aperitif
Aperol,Vermouth and Aperitif
Asterley Bros,Vermouth and Aperitif
Astigiana,Vermouth and Aperitif
Azaline,Vermouth and Aperitif
Baldoria,Vermouth and Aperitif
Barbadillo,Vermouth and Aperitif
Beesou,Vermouth and Aperitif
Bepi Tosolini,Vermouth and Aperitif
Bisleri,Vermouth and Aperitif
Bonanto,Vermouth and Aperitif
Bonavida,Vermouth and Aperitif
Bordeaux,Vermouth and Aperitif
Branca,Vermouth and Aperitif
Breckenridge,Vermouth and Aperitif
Byrrh,Vermouth and Aperitif
Calissano,Vermouth and Aperitif
Campari,Vermouth and Aperitif
Carpano,Vermouth and Aperitif
Chazalettes,Vermouth and Aperitif
Christian Drouin,Vermouth and Aperitif
Cinzano,Vermouth and Aperitif
CioCiaro,Vermouth and Aperitif
Clacquesin,Vermouth and Aperitif
Cocchi,Vermouth and Aperitif
Colazingari,Vermouth and Aperitif
Contratto,Vermouth and Aperitif
Cucielo,Vermouth and Aperitif
Del Professore,Vermouth and Aperitif
DI Wine,Vermouth and Aperitif
Discarded,Vermouth and Aperitif
Distillerie de Grandmont,Vermouth and Aperitif
Dolin,Vermouth and Aperitif
Domaine de la Flaguerie,Vermouth and Aperitif
Doppelganger,Vermouth and Aperitif
Doragrossa,Vermouth and Aperitif
Dubonnet,Vermouth and Aperitif
El Bandara,Vermouth and Aperitif
El Bandarra,Vermouth and Aperitif
Express Rosso,Vermouth and Aperitif
Farmily,Vermouth and Aperitif
Fernando de Castilla,Vermouth and Aperitif
Fernet Vallet,Vermouth and Aperitif
Florita,Vermouth and Aperitif
Forest Spirits,Vermouth and Aperitif
Gancia,Vermouth and Aperitif
Gentiane De Lure,Vermouth and Aperitif
Gonzalez Byass,Vermouth and Aperitif
Gordon's,Vermouth and Aperitif
Jacopo Poli,Vermouth and Aperitif
Jean-Luc Pasquet,Vermouth and Aperitif
Junique,Vermouth and Aperitif
Karven,Vermouth and Aperitif
Kelley Fox,Vermouth and Aperitif
Krupnik,Vermouth and Aperitif
La Fuerza,Vermouth and Aperitif
La Quintinye,Vermouth and Aperitif
Levi,Vermouth and Aperitif
Levi Serafino,Vermouth and Aperitif
Lillet,Vermouth and Aperitif
Lucano,Vermouth and Aperitif
Lustau,Vermouth and Aperitif
Luxardo,Vermouth and Aperitif
Mancino,Vermouth and Aperitif
Martini,Vermouth and Aperitif
Mattei,Vermouth and Aperitif
Melonade,Vermouth and Aperitif
Midi,Vermouth and Aperitif
Mondino,Vermouth and Aperitif
Montenegro,Vermouth and Aperitif
Mousehall,Vermouth and Aperitif
Mulassano,Vermouth and Aperitif
Nardini,Vermouth and Aperitif
Neumeister,Vermouth and Aperitif
Noilly Prat,Vermouth and Aperitif
Nonino,Vermouth and Aperitif
Nunquam,Vermouth and Aperitif
Otto's,Vermouth and Aperitif
Pampelle,Vermouth and Aperitif
Pere Magloire,Vermouth and Aperitif
Peychaud's,Vermouth and Aperitif
Picon,Vermouth and Aperitif
Pimm's,Vermouth and Aperitif
Pomelle,Vermouth and Aperitif
Punt e Mes,Vermouth and Aperitif
Quaglia,Vermouth and Aperitif
Quaglia Berto,Vermouth and Aperitif
Regal Rogue,Vermouth and Aperitif
Remi Landier,Vermouth and Aperitif
Rinomato,Vermouth and Aperitif
RinQuinQuin,Vermouth and Aperitif
Riot+Wilde,Vermouth and Aperitif
Sacred,Vermouth and Aperitif
Sagrado,Vermouth and Aperitif
Santoni,Vermouth and Aperitif
Sarti,Vermouth and Aperitif
Savoia,Vermouth and Aperitif
Scarpa,Vermouth and Aperitif
Select,Vermouth and Aperitif
Sipello,Vermouth and Aperitif
Sollasa,Vermouth and Aperitif
Somerset,Vermouth and Aperitif
Sommer,Vermouth and Aperitif
St Raphael,Vermouth and Aperitif
Stockholms Bränneri,Vermouth and Aperitif
Stork Club,Vermouth and Aperitif
Super Cattivo,Vermouth and Aperitif
Suze,Vermouth and Aperitif
Tempus Fugit,Vermouth and Aperitif
The Aperitivo Co,Vermouth and Aperitif
The London,Vermouth and Aperitif
Torres,Vermouth and Aperitif
Turin,Vermouth and Aperitif
Vault,Vermouth and Aperitif
Vecchio,Vermouth and Aperitif
Vreimuth,Vermouth and Aperitif
Vya,Vermouth and Aperitif
William Hinton,Vermouth and Aperitif
Zucca,Vermouth and Aperitif
Adam Elmegirab,Bitters
Amargo Chuncho,Bitters
Angostura,Bitters
Bitter Bastards,Bitters
Bitter Queens,Bitters
Bitter Truth,Bitters
Bittermens,Bitters
Bob's,Bitters
Dale DeGroff,Bitters
Dillon's,Bitters
Droplets,Bitters
Fee Brothers,Bitters
Ferdinand's,Bitters
Fortified London,Bitters
Linden Leaf,Bitters
Miracle Mile,Bitters
Ms Better's,Bitters
Off the Cuffee,Bitters
Peychaud's,Bitters
Regans',Bitters
Saint James,Bitters
Santa Bianca,Bitters
Scrappy's,Bitters
Seiers,Bitters
The Japanese,Bitters
Three Families,Bitters
ABK6,Liqueurs
Absente,Liqueurs
Acqua Bianca,Liqueurs
Adriatico,Liqueurs
Aelred,Liqueurs
Agwa,Liqueurs
Akashi-Tai,Liqueurs
Algebra,Liqueurs
Alma Finca,Liqueurs
Aluna,Liqueurs
Amargo,Liqueurs
Amendoa Amarga Amerlinha,Liqueurs
Ancho Reyes,Liqueurs
Antica,Liqueurs
Archers,Liqueurs
Arhumatic,Liqueurs
Arran,Liqueurs
Asbach,Liqueurs
Audemus,Liqueurs
Aurum,Liqueurs
Axia,Liqueurs
Baileys,Liqueurs
Balcones,Liqueurs
Bardinet,Liqueurs
Bärenjäger,Liqueurs
Beirao,Liqueurs
Benedictine,Liqueurs
Bepi Tosolini,Liqueurs
Berentzen,Liqueurs
Bernal,Liqueurs
Bernard,Liqueurs
Bigallet,Liqueurs
Bitter,Liqueurs
Bitter Truth,Liqueurs
Bittermens,Liqueurs
Blend,Liqueurs
Boatyard,Liqueurs
Bols,Liqueurs
Borghetti,Liqueurs
Born Irish,Liqueurs
Bounty,Liqueurs
Bourg,Liqueurs
Bouvery,Liqueurs
Braastad,Liqueurs
Brillet,Liqueurs
Briottet,Liqueurs
Broken Bones,Liqueurs
Bruadar,Liqueurs
Brunette,Liqueurs
Buffalo Trace,Liqueurs
Bumbu,Liqueurs
Burnt Faith,Liqueurs
Buton,Liqueurs
Cadello 88,Liqueurs
Campari,Liqueurs
Cantine del Cardinale,Liqueurs
Cardenal Mendoza,Liqueurs
Carlshamns,Liqueurs
Cartron,Liqueurs
Carvo,Liqueurs
Casoni,Liqueurs
Cazanove,Liqueurs
Cazcabel,Liqueurs
Chamarel,Liqueurs
Chambord,Liqueurs
Chartreuse,Liqueurs
Cherry Heering,Liqueurs
Chinola,Liqueurs
Chopin,Liqueurs
Choya,Liqueurs
Cinzano,Liqueurs
Clacquesin,Liqueurs
Clase Azul,Liqueurs
Clement,Liqueurs
Clyde May's,Liqueurs
Cointreau,Liqueurs
Colazingari,Liqueurs
Combier,Liqueurs
Conker,Liqueurs
Coole Swan,Liqueurs
Costieragrumi,Liqueurs
Cotswolds,Liqueurs
Cristinalda,Liqueurs
Crown Royal,Liqueurs
Cusenier,Liqueurs
Cynar,Liqueurs
Da Mhile,Liqueurs
D'Aristi,Liqueurs
Dark Matter,Liqueurs
De Kuyper,Liqueurs
Dead Man's Fingers,Liqueurs
Deadhead,Liqueurs
Devil's Botany,Liqueurs
Dirty Cow,Liqueurs
Disaronno,Liqueurs
Distillerie de Grandmont,Liqueurs
Doragrossa,Liqueurs
Dorda,Liqueurs
Dr. Hostetter's,Liqueurs
Drambuie,Liqueurs
Dubliner,Liqueurs
Duru Brewery,Liqueurs
Edinburgh,Liqueurs
Edradour,Liqueurs
El Hispano,Liqueurs
Elephant,Liqueurs
Elisir,Liqueurs
Ellers Farm,Liqueurs
Escarchado,Liqueurs
Essentiae,Liqueurs
Evangelista,Liqueurs
Eve,Liqueurs
Fabio Goti,Liqueurs
Fair,Liqueurs
Fallen Angel,Liqueurs
Ferdinands,Liqueurs
Ferrand,Liqueurs
Fiorente,Liqueurs
Fireball,Liqueurs
Firefly,Liqueurs
Five Farms,Liqueurs
Flor de Cana,Liqueurs
Florida,Liqueurs
Fortunella,Liqueurs
Foucras,Liqueurs
Frangelico,Liqueurs
Gabriel Boudier,Liqueurs
Galliano,Liqueurs
Gammel Dansk,Liqueurs
Gator Bite,Liqueurs
Gattertop,Liqueurs
Genepi d'Armoises,Liqueurs
Giffard,Liqueurs
Glayva,Liqueurs
Glen Mist,Liqueurs
Glenfiddich,Liqueurs
Goldschlager,Liqueurs
Gordon's,Liqueurs
Gran Marnier,Liqueurs
Granada Vallet,Liqueurs
Grand Brulot,Liqueurs
Grand Marnier,Liqueurs
Grosperrin,Liqueurs
G'Vine,Liqueurs
Havana Club,Liqueurs
Hayman's,Liqueurs
Heering,Liqueurs
Hernö,Liqueurs
High Fidelity,Liqueurs
Highland Nectar,Liqueurs
Hpnotiq,Liqueurs
Huana,Liqueurs
Irish Mist,Liqueurs
Irish Velvet,Liqueurs
Italicus,Liqueurs
Izarra,Liqueurs
Jack Daniel's,Liqueurs
Jacopo Poli,Liqueurs
Jade,Liqueurs
Jagermeister,Liqueurs
JavaMur,Liqueurs
Jawbox,Liqueurs
Jim Beam,Liqueurs
John O'Groat's,Liqueurs
Johnnie Walker,Liqueurs
Kahlúa,Liqueurs
Kakuzo,Liqueurs
Kalani,Liqueurs
Kanoniczy,Liqueurs
Kaveri,Liqueurs
Khoosh,Liqueurs
Killowen,Liqueurs
King's Ginger,Liqueurs
Kleiner Feigling,Liqueurs
Kleos,Liqueurs
Koskenkorva,Liqueurs
Kota,Liqueurs
Krupnik,Liqueurs
Kwai Feh,Liqueurs
La,Liqueurs
La Grande Josiane,Liqueurs
La Maison Fontaine,Liqueurs
La Matcha,Liqueurs
La Vida Tropica,Liqueurs
Lanique,Liqueurs
Lapponia,Liqueurs
Lazzaroni,Liqueurs
Le Verger,Liqueurs
Legendario,Liqueurs
Legendre,Liqueurs
Lejay Lagoute,Liqueurs
Licor 43,Liqueurs
L'Ile Supreme,Liqueurs
Limoncello di Capri,Liqueurs
Lindisfarne,Liqueurs
Liquori Dell'Etna,Liqueurs
Lubberhuizen & Raaff,Liqueurs
Luxardo,Liqueurs
Malibu,Liqueurs
Mamma Mia,Liqueurs
Mandarine,Liqueurs
Mandarine Napoleon,Liqueurs
Manly Spirits,Liqueurs
Maraska,Liqueurs
Marie Brizard,Liqueurs
Martini,Liqueurs
Massenez,Liqueurs
Mastia,Liqueurs
Masumi,Liqueurs
Melonade,Liqueurs
Mentzendorff,Liqueurs
Merlet,Liqueurs
Metaxa,Liqueurs
Miclo,Liqueurs
Midnight Oil,Liqueurs
Midori,Liqueurs
Molinari,Liqueurs
Monkey 47,Liqueurs
Mouse Kingdom,Liqueurs
Mozart,Liqueurs
Mr Black,Liqueurs
Muyu,Liqueurs
Narano,Liqueurs
Nardini,Liqueurs
New Grove,Liqueurs
Nixta,Liqueurs
No Name,Liqueurs
Noix de la Saint Jean,Liqueurs
Nuet,Liqueurs
Nunquam,Liqueurs
Nusbaumer,Liqueurs
Okar,Liqueurs
Old Sailor,Liqueurs
Onilikan,Liqueurs
Outlier,Liqueurs
Pages,Liqueurs
Pallini,Liqueurs
Pama,Liqueurs
Parafante,Liqueurs
Passoa,Liqueurs
Pataka,Liqueurs
Patron,Liqueurs
Percy Warmer,Liqueurs
Pernod,Liqueurs
Peter Heering,Liqueurs
Pierre Ferrand,Liqueurs
Pietro Nicola,Liqueurs
Pisang Ambon,Liqueurs
Pleasant Land,Liqueurs
Plymouth,Liqueurs
Podere,Liqueurs
Ponche Leao,Liqueurs
Portobello Road,Liqueurs
Prucia,Liqueurs
Prunier,Liqueurs
Pumpkin Potion,Liqueurs
Puschkin,Liqueurs
Quaglia,Liqueurs
Ramazzotti,Liqueurs
Reefton,Liqueurs
Revel Stoke,Liqueurs
Riserva Carlo Alberto,Liqueurs
Ron Aguere,Liqueurs
Roots,Liqueurs
RumChata,Liqueurs
RumJava,Liqueurs
Ruta Maya,Liqueurs
S.A Freund Ballor,Liqueurs
Sacred,Liqueurs
Safari,Liqueurs
Satryna,Liqueurs
Shanky's Whip,Liqueurs
Sheep Dog,Liqueurs
Sheridan's,Liqueurs
Sipsmith,Liqueurs
Sisca,Liqueurs
Skinos,Liqueurs
Smokehouse,Liqueurs
Somerset,Liqueurs
Somerset Cider Brandy Company,Liqueurs
Sourz,Liqueurs
Southern Comfort,Liqueurs
St Aubin,Liqueurs
St Germain,Liqueurs
St Michel,Liqueurs
Stag's Breath,Liqueurs
Stolen X,Liqueurs
Strega,Liqueurs
Sunset,Liqueurs
Suze,Liqueurs
Takamaka,Liqueurs
Tempus Fugit,Liqueurs
The Aperitivo Co,Liqueurs
The Japanese,Liqueurs
The Norfolk Selection,Liqueurs
Thunder,Liqueurs
Tia Maria,Liqueurs
Trinta e Cinco,Liqueurs
Tuaca,Liqueurs
Two Stacks,Liqueurs
Ume No Yado,Liqueurs
Ursus,Liqueurs
Vallein-Tercinier,Liqueurs
Van Wees,Liqueurs
Vapor,Liqueurs
Vedrenne,Liqueurs
Velvet Falernum,Liqueurs
Vieille Cure,Liqueurs
Villa Zarri,Liqueurs
Vincente Bosch,Liqueurs
Vivir,Liqueurs
Warninks,Liqueurs
Whistler,Liqueurs
White Heron,Liqueurs
Wray & Nephew,Liqueurs
Wyborowa,Liqueurs
Xanté,Liqueurs
Zuidam,Liqueurs
Arette,Tequila
Arquitecto,Tequila
ArteNOM,Tequila
Avion,Tequila
Batanga,Tequila
Butterfly Cannon,Tequila
Caballo Negro,Tequila
Cabo Wabo,Tequila
Cabrito,Tequila
Calle 23,Tequila
Casa De Hamsa,Tequila
Casa Dragones,Tequila
Casa Noble,Tequila
Casa Pecados,Tequila
Casamigos,Tequila
Cascahuin,Tequila
Casino,Tequila
Cazadores,Tequila
Cazcabel,Tequila
Cenote,Tequila
Centinela,Tequila
Cimarron,Tequila
Cincoro,Tequila
Clase Azul,Tequila
Coa de Jima,Tequila
Codigo,Tequila
Codigo 1530,Tequila
Corazon,Tequila
Corralejo,Tequila
Curado,Tequila
Defrente,Tequila
Desdeya,Tequila
Don Fulano,Tequila
Don Julio,Tequila
El Caballo Estrella,Tequila
El Jimador,Tequila
El Mayor,Tequila
El Rayo,Tequila
El Sueno,Tequila
El Tequileno,Tequila
Enemigo,Tequila
Fortaleza,Tequila
G4,Tequila
Gran Centenario,Tequila
Gran Orendain,Tequila
Hermana,Tequila
Herradura,Tequila
Jose Cuervo,Tequila
KAH,Tequila
Komos,Tequila
Lala,Tequila
Lost Explorer,Tequila
Lunazul,Tequila
Madre,Tequila
Maestro,Tequila
Maestro Dobel,Tequila
Mayaciel,Tequila
Mi Campo,Tequila
Mijenta,Tequila
Milagro,Tequila
Oceano,Tequila
Oceano Azul,Tequila
Ocho,Tequila
Ocho Blanco,Tequila
Olmeca,Tequila
Orendain,Tequila
Pa' Todos,Tequila
Patron,Tequila
Porfidio,Tequila
Raza Azteca,Tequila
Reserva Del Senor,Tequila
Revel,Tequila
Rooster Rojo,Tequila
Satryna,Tequila
Sauza,Tequila
Storywood,Tequila
SU,Tequila
Suave,Tequila
Tapatio,Tequila
Tears of Llorona,Tequila
Teremana,Tequila
Terralta,Tequila
Tiempo,Tequila
Tierra Noble,Tequila
Vivir,Tequila
Volcan De Mi Tierra,Tequila
Zarza,Tequila
Absolut,Vodka
Aivy,Vodka
Altamura,Vodka
Arbikie,Vodka
Assaranca,Vodka
Aval Dor,Vodka
Avokado,Vodka
Babicka,Vodka
Baczewski,Vodka
Badachro,Vodka
Balkan,Vodka
Ballast Point,Vodka
Baller,Vodka
Beluga,Vodka
Belvedere,Vodka
Bimber,Vodka
Black Cow,Vodka
Blavod,Vodka
Bleu Roc,Vodka
Blu Lie,Vodka
Boatyard,Vodka
Bone Idyll,Vodka
Brennen & Brown,Vodka
Broken Clock,Vodka
Cambridge,Vodka
Cariel,Vodka
Carvia,Vodka
Chase,Vodka
Chopin,Vodka
Ciroc,Vodka
Connie Glaze,Vodka
Cossack,Vodka
Cracovia,Vodka
Crystal Head,Vodka
Degen,Vodka
Desi Daru,Vodka
Dingle,Vodka
Discarded,Vodka
Dockyard,Vodka
Dry Fly,Vodka
East London Liquor,Vodka
Edwards,Vodka
Eiko,Vodka
Ellers Farm,Vodka
Eristoff,Vodka
Eristow,Vodka
Eve,Vodka
Fair,Vodka
Fallen Angel,Vodka
Finlandia,Vodka
Firestarter,Vodka
Gattertop,Vodka
General John Stark,Vodka
Golden Egg,Vodka
Green Moon,Vodka
Grey Goose,Vodka
Haku,Vodka
Hangar One,Vodka
Harlan D Wheatley,Vodka
Helix,Vodka
Hepple,Vodka
Iceberg,Vodka
Impuls,Vodka
Jeptha Creed,Vodka
JJ Whitley,Vodka
Kakira,Vodka
Kalak,Vodka
Kavka,Vodka
Ketel One,Vodka
Konik's Tail,Vodka
Koskenkorva,Vodka
Krupnik,Vodka
Le Philtre,Vodka
Manly Spirits,Vodka
Meili,Vodka
Mermaid,Vodka
Mikkeller,Vodka
Mikolasch,Vodka
Moskovskaya,Vodka
Mothaiba,Vodka
Mousehall,Vodka
Nikka,Vodka
One,Vodka
Orkisz,Vodka
Oyester 44,Vodka
Pau Maui,Vodka
Pienaar and Son,Vodka
Pod,Vodka
Portobello Road,Vodka
Potocki,Vodka
Pravda,Vodka
Precious,Vodka
Ramsbury,Vodka
Respirited,Vodka
Retribution,Vodka
Reyka,Vodka
Rutte,Vodka
Sacred,Vodka
Sapling,Vodka
Sausage Tree,Vodka
Sauvelle,Vodka
SC Dogs,Vodka
Silver Circle,Vodka
Sipsmith,Vodka
Skyy,Vodka
Smirnoff,Vodka
Spirit of Hven,Vodka
Spirytus,Vodka
Square One,Vodka
St George,Vodka
Staritsky Levitsky,Vodka
Stoli,Vodka
Stone,Vodka
Svitlo,Vodka
The House of Suntory,Vodka
The Lakes,Vodka
The Orientalist,Vodka
Three Sixty,Vodka
Thunder,Vodka
Tito's,Vodka
Tried and True,Vodka
Ukiyo,Vodka
Utkins,Vodka
Vestal,Vodka
Virtuous,Vodka
VRSD,Vodka
Vulcanica,Vodka
Wheatley,Vodka
Wyborowa,Vodka
X Muse,Vodka
Zubrowka,Vodka
A.F.D.,Rum
Ableforth's,Rum
Abuelo,Rum
Admiral Rodney,Rum
Agitator,Rum
Albion,Rum
Alnwick,Rum
Aluna,Rum
Amrut,Rum
Angostura,Rum
Appleton,Rum
Arcane,Rum
Arechabala,Rum
Asta Morris,Rum
Bacardi,Rum
Balancal,Rum
Banks,Rum
Barbancourt,Rum
Barcelo,Rum
Bayou,Rum
Beenleigh,Rum
Belgrove,Rum
Belize,Rum
Bielle,Rum
Black Gate,Rum
Black Magic,Rum
Black Stripe,Rum
Black Tears,Rum
Black Tot,Rum
Blankenheym's,Rum
Bloomsbury Atelier,Rum
Bologne,Rum
Bone Idyll,Rum
Bonpland,Rum
Bougainville,Rum
Bounty,Rum
Bristol Classic Rums,Rum
Brugal,Rum
Bumbu,Rum
Bundaberg,Rum
Burdekin,Rum
Camazotz,Rum
Cambridge,Rum
Canerock,Rum
Captain Morgan,Rum
Cargo Cult,Rum
Caroni,Rum
Cartavio,Rum
Casa Baru,Rum
Cashcane,Rum
Centenario,Rum
Ceylon Arrack,Rum
Chairman's Reserve,Rum
Chamarel,Rum
Clairin,Rum
Clairin Sonson,Rum
Clarendon,Rum
Clement,Rum
Compagnie des Indes,Rum
Copalli,Rum
Cristobal,Rum
Crossfire,Rum
Crow's,Rum
Cruzan,Rum
Cut,Rum
Damoiseau,Rum
Dead Man's Fingers,Rum
Deadhead,Rum
Demerara,Rum
Depaz,Rum
Devil's Point,Rum
Devon,Rum
Diablesse,Rum
Diamond,Rum
Dillon,Rum
Diplomatico,Rum
Discarded,Rum
Don Papa,Rum
Don Q,Rum
Doorly's,Rum
Dos Maderas,Rum
Drop Works,Rum
Dry Cane,Rum
Duppy Share,Rum
Duquesne,Rum
East London Liquor,Rum
El Dorado,Rum
Elizabeth Yard,Rum
Eminente,Rum
English Harbour,Rum
Enmore,Rum
Epris,Rum
Fair,Rum
Fallen Angel,Rum
Fiji,Rum
Five Rivers,Rum
Flamboyant,Rum
Flor de Cana,Rum
FNQ,Rum
Foursquare,Rum
Franklin,Rum
Goslings,Rum
Grand Kadoo,Rum
Grays,Rum
Green Island,Rum
Habitation,Rum
Hampden,Rum
Hattiers,Rum
Havana Club,Rum
Holmes Cay,Rum
Illicit,Rum
Isla del Ron,Rum
Isla Ñ,Rum
Islay Rum Company,Rum
J Bally,Rum
J Gow,Rum
JavaMur,Rum
JM,Rum
Jung & Wulff,Rum
Kakira,Rum
Karukera,Rum
Kill Devil,Rum
Kingston,Rum
Kingston 62,Rum
Kiyomi,Rum
Kraken,Rum
La Forza,Rum
La Hechicera,Rum
La Maison Du Whisky,Rum
La Mauny,Rum
La Progresiva,Rum
Labourdonnais,Rum
Lamb's,Rum
Landlocked,Rum
Langs,Rum
Leatherback,Rum
Legendario,Rum
Lemon Hart,Rum
Liv,Rum
Long Pond,Rum
Lost Years,Rum
Loveday,Rum
Lucknow,Rum
Lunatic and Lover,Rum
Mad City,Rum
Mamita,Rum
Mango Bay,Rum
Market Row,Rum
Matthew Brown,Rum
Matugga,Rum
Matusalem,Rum
Merser,Rum
Mezan,Rum
Mhoba,Rum
Mid West Ghana,Rum
Montanya,Rum
Montebello,Rum
Montero,Rum
Monymusk,Rum
Morvenna,Rum
Mother Mesccia,Rum
Mount Gay,Rum
Myers's,Rum
Neisson,Rum
New Grove,Rum
New Yarmouth,Rum
Nine Leaves,Rum
Ninefold,Rum
Nusa Cana,Rum
O Reizinho,Rum
O V D,Rum
Oaks & Ames,Rum
Old Monk,Rum
Old Mother Hunt,Rum
Outlier,Rum
Pampero,Rum
Panama,Rum
Panama Red,Rum
Panama-Pacific,Rum
Papa Rouyo,Rum
Papagayo,Rum
Papalin,Rum
Paranubes,Rum
Phraya,Rum
Plantation,Rum
Planteray,Rum
Porfidio,Rum
Port Mourant,Rum
Portsmouth,Rum
Privateer,Rum
Providence,Rum
Pusser's,Rum
Pyrat,Rum
Quang Nam,Rum
R.L. Seale's,Rum
Rebellion,Rum
Red Bonny,Rum
Red Leg,Rum
Reisetbauer,Rum
Remedy,Rum
Renaissance,Rum
Renegade,Rum
Rhum du Matelot,Rum
Rhum Rhum,Rum
Rhum St Barth,Rum
Rhum Superieur,Rum
Rhythm & Booze Records,Rum
Ripping Yarns,Rum
Rivers,Rum
Ron Abuelo,Rum
Ron Colon,Rum
Ron Cubay,Rum
Ron del Barrilito,Rum
Ron Zacapa,Rum
Rude Mechanicals,Rum
RumJava,Rum
Rump@blic,Rum
Ruta Maya,Rum
Ryoma,Rum
Sailor Jerry,Rum
Saint James,Rum
Saint Ogun,Rum
Sampan,Rum
Sancti Spiritus,Rum
SangSom,Rum
Santa Lucilia,Rum
Santa Teresa,Rum
Santiago de Cuba,Rum
SaoCan,Rum
Sapio,Rum
Savanna,Rum
SC Dogs,Rum
Scratch,Rum
Siddiqui,Rum
Single Barrel Selection,Rum
Skipper,Rum
Skunk,Rum
Smith & Cross,Rum
Sofa,Rum
Sol Tarasco,Rum
Sostenible,Rum
South Pacific,Rum
Spirited Union,Rum
Sport,Rum
St Aubin,Rum
St Lucia,Rum
St Nicholas Abbey,Rum
Stock,Rum
Stone Gaze,Rum
Stork Club,Rum
Sugar House,Rum
Sunset,Rum
SVM,Rum
Takamaka,Rum
Tamosi,Rum
Tanduay,Rum
Tarasco,Rum
Thameside,Rum
The Lovers,Rum
The Real McCoy,Rum
The Stellar,Rum
The Wild Parrot,Rum
Thompson Bros,Rum
Tiki Lovers,Rum
Tilambic,Rum
Tondena,Rum
Toti,Rum
Transcontinental Rum Line,Rum
Travellers,Rum
Trinidad,Rum
Triple Entente,Rum
Tristao Vaz Teixeira,Rum
Trois Rivieres,Rum
Two Drifters,Rum
Uitvlugt,Rum
Valinch & Mallet,Rum
Various,Rum
Velier,Rum
Veritas,Rum
Vieux Vaval,Rum
Virgin Gorda,Rum
West Indies,Rum
Wild Oxen,Rum
William Hinton,Rum
Wood's,Rum
Worthy Park,Rum
Wray & Nephew,Rum
Wrecking Coast,Rum
Yellow Snake,Rum
Zuidam,Rum
Bakers,Jenever
Bobby’s,Jenever
Bokma,Jenever
Bols,Jenever
Ketel One (Jenever),Jenever
Old Duff,Jenever
Zuidam,Jenever
Ableforth's,Gin
Alambic's Special,Gin
Almqvist,Gin
Amazzoni,Gin
An Dulaman,Gin
Ape,Gin
Arbikie,Gin
Arpon,Gin
Artingstall's,Gin
Askur,Gin
Audemus,Gin
Austin's,Gin
Aval Dor,Gin
Aviation,Gin
Bakers,Gin
Barrow's,Gin
Baudino,Gin
Beefeater,Gin
Berry Bros & Rudd,Gin
Big Ben,Gin
Birmingam,Gin
Bitter Truth,Gin
Black Cat,Gin
Bluecoat,Gin
Boatyard,Gin
Bobby’s,Gin
Boero,Gin
Bokma,Gin
Bols,Gin
Bombay Sapphire,Gin
Bone Idyll,Gin
Bonomelli,Gin
Boord's,Gin
Booth's,Gin
Bordeaux Distilling,Gin
Bosford,Gin
Botanic,Gin
Botanist,Gin
Brecon,Gin
Brockmans,Gin
Broken Bones,Gin
Broker's,Gin
Bude,Gin
Bulldog,Gin
Burne Turner,Gin
Burnett's,Gin
Burton's,Gin
Buton,Gin
Calvert's,Gin
Cambridge,Gin
Canaima,Gin
Capreolus,Gin
Cero2,Gin
Chase,Gin
Citadelle,Gin
Colombo,Gin
Compton,Gin
Condesa,Gin
Conker,Gin
Copperhead,Gin
Cora,Gin
Cotswolds,Gin
Covent Garden,Gin
Cransi,Gin
Cremorne,Gin
Cubical,Gin
Curtis,Gin
De Borgen,Gin
Devil's,Gin
Dingle,Gin
Drums,Gin
Dyfi,Gin
Earl Grey,Gin
East London Liquor,Gin
Eden Mill,Gin
Edinburgh,Gin
Elephant,Gin
English Hill,Gin
Estimable,Gin
Ethical Spirits,Gin
Etsu,Gin
Fair,Gin
Fallen Angel,Gin
Farmer's,Gin
Fifty Pounds,Gin
Filliers,Gin
Findlater's,Gin
Firestarter,Gin
Fords,Gin
Forest,Gin
Four Pillars,Gin
Freya,Gin
Geometric,Gin
Gilbey's,Gin
Gilson,Gin
Gin d'Azur,Gin
Ginepraio,Gin
Glaswegin,Gin
GMG,Gin
Goalong,Gin
Gordons,Gin
Gosford,Gin
Grant's,Gin
Green Fish,Gin
Green Room,Gin
Greenall's,Gin
Gunpowder,Gin
G'Vine,Gin
Gybson's,Gin
Haymans,Gin
Hendricks,Gin
Hepple,Gin
Herno,Gin
Hibernation,Gin
Hidden World,Gin
Hiram Walker's,Gin
Hrafn,Gin
Hyogo,Gin
Incognito,Gin
Inverroche,Gin
Isle of Harris,Gin
Isle of Raasay,Gin
Jaisalmer,Gin
Jawbox,Gin
Jim and Tonic,Gin
Jindea,Gin
Johnsen,Gin
Juniper,Gin
Juniper Green,Gin
Karven,Gin
Ketel One (Jenever),Gin
Ki No Bi,Gin
Kyrö,Gin
Lassy,Gin
Le Tribute,Gin
Lind and Lime,Gin
London No.1,Gin
Lord,Gin
Lord's,Gin
Luxardo,Gin
Malfy,Gin
Manchester,Gin
Manly,Gin
Manly Spirits,Gin
Mare,Gin
Martin Miller's,Gin
Masons,Gin
Melifera,Gin
Mermaid,Gin
Mirabeau,Gin
Mombasa Club,Gin
Monkey 47,Gin
Mousehall,Gin
Nelson's,Gin
Never Never,Gin
New York Distilling,Gin
Nicholson,Gin
Nikka,Gin
No.3,Gin
Nordes,Gin
Old Duff,Gin
Old Gentry,Gin
Oldmoor,Gin
O'ndina,Gin
Opihr,Gin
Oxley,Gin
Palmers,Gin
Papa Salt,Gin
Peddlars,Gin
Plym,Gin
Plymouth,Gin
Pollination,Gin
Portobello Road,Gin
Portofino,Gin
Principe de los Apostoles,Gin
Puerto de Indias,Gin
Ralies,Gin
Ramazzotti,Gin
Ramsbury,Gin
Rathbone,Gin
Red Hills,Gin
Reisetbauer,Gin
Renegade (Doghouse),Gin
Retribution,Gin
Rivington,Gin
Robert Burnett,Gin
Rochelt,Gin
Roku,Gin
Ross's,Gin
Rutte,Gin
Sacred,Gin
Salcombe,Gin
Sapling,Gin
Sarti,Gin
Scapegrace,Gin
Schenley,Gin
Seagers,Gin
Seagram's,Gin
Seatrus,Gin
Secret Garden,Gin
Seven Hills,Gin
Silent Pool,Gin
Sincere,Gin
Sipsmith,Gin
St George,Gin
Still G.I.N,Gin
Stock,Gin
Stone Gaze,Gin
Stone's,Gin
Strane,Gin
Stranger,Gin
Suau,Gin
Sul,Gin
SW4,Gin
Tanqueray,Gin
Tarquin's,Gin
The Botanist,Gin
The House of Suntory,Gin
The Lakes,Gin
The Orientalist,Gin
The Whisky Exchange,Gin
Thomas Dakin,Gin
Thomson's,Gin
Three Brothers,Gin
Tobermory,Gin
Tork,Gin
Trenta,Gin
Ukiyo,Gin
Union Castle,Gin
Unit Six,Gin
Victory,Gin
Villa Ascenti,Gin
Vitoria Regia,Gin
Vlahov,Gin
VRSD,Gin
W.H. Joule,Gin
Wacholderbar,Gin
Waiheke,Gin
White Croun,Gin
Whitley Neill,Gin
Wine Society,Gin
Winestillery,Gin
Withers,Gin
Woden,Gin
Woodland,Gin
Wrecking Coast,Gin
Xoriguer,Gin
Zuidam,Gin
Alabat,Armagnac
Anthema,Armagnac
Armagnac,Armagnac
Armin,Armagnac
Auld Alliance,Armagnac
Baron de Lustrac,Armagnac
Baron de Sigognac,Armagnac
Castarede,Armagnac
Chateau De Gaube,Armagnac
Chateau de Lacquy,Armagnac
Clés des Ducs,Armagnac
Clos Martin,Armagnac
Darroze,Armagnac
D'Aurensan,Armagnac
De Gaube,Armagnac
Distillerie De La Montagne Noire,Armagnac
Domaine Boingneres,Armagnac
Domaine de Cassagnoles,Armagnac
Janneau,Armagnac
Laballe,Armagnac
Laberdolive,Armagnac
L'Encantada,Armagnac
Marcillac,Armagnac
Marquis de Sauval,Armagnac
Monluc,Armagnac
Odvi,Armagnac
Sempe,Armagnac
A De Luze & Fils,Cognac
A.C. Meukow,Cognac
Abecassis,Cognac
ABK6,Cognac
Adet,Cognac
AE Dor,Cognac
Arthur H Godfree,Cognac
Auger Fils,Cognac
Augier Freres,Cognac
Averys,Cognac
Bache Gabrielsen,Cognac
Barnett & Fils,Cognac
Berry Bros & Rudd,Cognac
Bisquit,Cognac
Bisquit & Debouche,Cognac
"Block, Grey & Block",Cognac
Braastad,Cognac
Calvet,Cognac
Camus,Cognac
Castillon,Cognac
Chateau de Beaulon,Cognac
Chateau de Montifaud,Cognac
Claude Thorin,Cognac
Cockburn,Cognac
Corcellet,Cognac
Courvoisier,Cognac
Croizet,Cognac
De Beaulon,Cognac
Deau,Cognac
Decadent Drinks,Cognac
Delamain,Cognac
Denis-Mounié,Cognac
Domaine Le Reviseur,Cognac
Drouet & Fils,Cognac
Drouet et Fils,Cognac
Eschenauer,Cognac
Etienne Gasqueton,Cognac
Exshaw,Cognac
Fanny Fougerat,Cognac
Ferrand,Cognac
Fouquet Couzin,Cognac
Francois Voyer,Cognac
Frapin,Cognac
Frapin Rabelais,Cognac
Fromy,Cognac
G & J Greenall,Cognac
G T Jones,Cognac
Gautier,Cognac
Gautier Freres,Cognac
Godet,Cognac
Grosperrin,Cognac
Guillon-Painturaud,Cognac
Hardy,Cognac
Hedges & Butler,Cognac
Hennessy,Cognac
Hermitage,Cognac
Hine,Cognac
J J Mortier,Cognac
J. G. Monnet & Co.,Cognac
Jean Fillioux,Cognac
Jean-Luc Pasquet,Cognac
John Mark & Co.,Cognac
Jules Gilson,Cognac
L Ducasse,Cognac
La Guilde du Cognac,Cognac
La Pouyade,Cognac
Larsen,Cognac
Leyrat,Cognac
Louis Baron,Cognac
Louis Royer,Cognac
Lucien Foucauld,Cognac
Marquis C de Genet,Cognac
Martell,Cognac
Matthew Gloag,Cognac
Mauxion,Cognac
Maxime Trijol,Cognac
Mercier Roger,Cognac
Merlet,Cognac
Meukow,Cognac
Michel Couprie,Cognac
Michel Forgeron,Cognac
Moyet,Cognac
Naud,Cognac
Normandin-Mercier,Cognac
Otard,Cognac
Park,Cognac
Patte Blanche,Cognac
Paul Beau,Cognac
Paul Giraud,Cognac
Philbert,Cognac
Pierre Lecat,Cognac
Prunier,Cognac
Ragnaud Sabourin,Cognac
Remi Landier,Cognac
Remy Martin,Cognac
Renault,Cognac
Rouyer Guillet,Cognac
Salignac,Cognac
Sazerac de Forge,Cognac
Seignette,Cognac
Tesseron,Cognac
Tiffon,Cognac
Vallein-Tercinier,Cognac
Vaudon,Cognac
WV Baker,Cognac
Akashi,Japanese Whisky
Chichibu,Japanese Whisky
Fuji,Japanese Whisky
Hakushu,Japanese Whisky
Hibiki,Japanese Whisky
Ichiro's,Japanese Whisky
Kanosuke,Japanese Whisky
Karuizawa,Japanese Whisky
Kurayoshi,Japanese Whisky
Mars,Japanese Whisky
Miyagikyo,Japanese Whisky
Nikka,Japanese Whisky
Nikka Yoichi,Japanese Whisky
Shindo,Japanese Whisky
Shirakawa,Japanese Whisky
Shizuoka,Japanese Whisky
Suntory,Japanese Whisky
The House of Suntory,Japanese Whisky
Togouchi,Japanese Whisky
Yamazaki,Japanese Whisky
Yamazakura,Japanese Whisky
Yoichi,Japanese Whisky
Adrien Berlioz,Wine
Akutain,Wine
Albergada,Wine
Aldo Viola,Wine
Alvear,Wine
Andre Colonge,Wine
Andrew Will,Wine
Andrian,Wine
Anima Negra,Wine
Anselmo Mendes,Wine
Antoine Jobard,Wine
Antoine-Marie Arena,Wine
Anysbos,Wine
Au Bon Climat,Wine
Augalevada,Wine
A'Vita,Wine
Balfour,Wine
Balthasar Ress,Wine
Bat Gara,Wine
Bella Elegance,Wine
Belles Lies,Wine
Benegas,Wine
Bernard Gripa,Wine
Bertrand Galbrun,Wine
Beynat,Wine
Beyra,Wine
Billaud-Simon,Wine
Birichino,Wine
Boekenhoutskloof,Wine
Bohn,Wine
Bonavita,Wine
Boroli,Wine
Bosman,Wine
Bressan,Wine
Buis Les,Wine
Ca'di Ponti,Wine
Caparzo,Wine
Carlos Raposo,Wine
Ca'Rugate,Wine
Castello di Potentino,Wine
Castello di Tassarolo,Wine
Chamonard,Wine
Chapel Down,Wine
Charles Audoin,Wine
Charles Hours,Wine
Charvin,Wine
Chateau De Plaisance,Wine
Chicotot,Wine
Christof Ruof,Wine
Christopher Blanc,Wine
Cien y Pico,Wine
Classic Winery,Wine
Claus Preisinger,Wine
Cline,Wine
Clos de l'Epinay,Wine
Clos du Jaugueyron,Wine
Clos Mogador,Wine
Closeries des Moussis,Wine
Cloudy Bay,Wine
Colinas De Sao,Wine
Cortijo Los Aguilares,Wine
Cru Godard,Wine
Cuvaison,Wine
Dal Forno Romano,Wine
Daniel Bouland,Wine
David Duband,Wine
De Angeles,Wine
De Bartoli,Wine
De Belliviere,Wine
De Bernardins,Wine
De Coulaine,Wine
De Ferrand,Wine
De la Berangeraie,Wine
De Perreau,Wine
De Rancy,Wine
Des Bernardins,Wine
Des Graviers,Wine
Des Marnes Blanches,Wine
Dominio de Fontana,Wine
Dominio del Bendito,Wine
Douro Boys,Wine
Du Champ des Treilles,Wine
Du Clos Frantin,Wine
Dujac,Wine
Echeverria,Wine
Edi Simcic,Wine
Egon Muller,Wine
El Circo,Wine
El Grillo,Wine
El Otro,Wine
Elias Mora,Wine
Equipo Navazos,Wine
Eric Forest,Wine
Estela Perinetti,Wine
Eugenio Rosi,Wine
Fernand & Laurent Pillot,Wine
Frantin,Wine
Gaia,Wine
Garnier,Wine
GD Vajra,Wine
Geracoes da Talha,Wine
Gerard Boulay,Wine
Germano,Wine
Gerovassiliou,Wine
Glaetzer,Wine
Gonzalez Byass,Wine
Grace,Wine
Greywacke,Wine
Guillerault-Fargette,Wine
Hajdu,Wine
Henners,Wine
Henri Bourgeois,Wine
Henri Gouges,Wine
Heresztyn-Mazzini,Wine
Idaia,Wine
Inniskillin,Wine
Isabel,Wine
Jean-Claude Rateau,Wine
Jim Barry,Wine
Johanneshof Reinisch,Wine
Karri Vineyard,Wine
Keith Tulloch,Wine
Kellerei Terlan,Wine
Ken Forrester,Wine
Keo,Wine
La Borie,Wine
La Cayetana,Wine
La Chaume Des Lies,Wine
La Grave Figeac,Wine
La Graves de Pez,Wine
La Luminaille,Wine
Las Estelas,Wine
Launay Horiot,Wine
Laurent Habrard,Wine
Les Cretes,Wine
Lo-Fi,Wine
Lorca,Wine
Luis Pato,Wine
Lyrarakis,Wine
M de Minuty,Wine
Mabillot,Wine
Mac Forbes,Wine
Maison des Ardoisieres,Wine
Mandrarossa,Wine
Marc Tempe,Wine
Marcel Lapierre,Wine
Marco Abella,Wine
Marius Bielle,Wine
Mas de Daumas Gassac,Wine
Mas Martinet,Wine
Matetic,Wine
Mezzogiorno,Wine
Micalet,Wine
Michel Delhommeau,Wine
Milan Nestarec,Wine
Mirausse,Wine
Moulin de la Gardette,Wine
Moulin de Lagnet,Wine
Mount Langi,Wine
Mullineux,Wine
Murdoch Hill,Wine
Naia,Wine
Nathan Kendall,Wine
Nekeas,Wine
Niepoort,Wine
Nord-Sud,Wine
Normanno,Wine
Ortonese,Wine
Ott,Wine
Oudin,Wine
Pago de Tharsys,Wine
Paringa Estate,Wine
Pasaeli,Wine
Pattes Loup,Wine
Pegasus Bay,Wine
Pelee Island,Wine
Perez Cruz,Wine
Piedra Fluida,Wine
Pierluigi Zampaglione,Wine
Pieropan,Wine
Pierrick Bouley,Wine
Piper Heidsieck,Wine
Pittnauer,Wine
Pont Bourceau,Wine
Pyramid Valley,Wine
Quady,Wine
Quady Essensia,Wine
Quinta da Pedra,Wine
Quinta da Pedra Escrita,Wine
Quinta do Vale Meao,Wine
Radford Dale,Wine
Riccitelli,Wine
Richoux Irancy,Wine
Riffel,Wine
Rinaldi,Wine
Rock Angel,Wine
Rockburn,Wine
Roland Schmitt,Wine
Roubine,Wine
Roucas Toumba,Wine
Ruschi Noceti,Wine
Saint Clair,Wine
Salcheto,Wine
Samurai,Wine
Sandridge Barton,Wine
Schatzel,Wine
Sergio Arcuri,Wine
Simpsons,Wine
Smalltown Vineyards,Wine
Smiley,Wine
Soldier's Block,Wine
Ste Anne,Wine
Sylvain Cathiard,Wine
Szepsy,Wine
Tahbilk,Wine
Tanca Nica,Wine
Tandem,Wine
Taupenot-Merme,Wine
Ten Minutes by Tractor,Wine
Tenuta Mara,Wine
Terlan,Wine
The Crossings,Wine
The Hilt,Wine
Thibault Liger-Belair,Wine
Thibeaud-Maillet,Wine
Thierry Mortet,Wine
Thierry Pillot,Wine
Thomas,Wine
Tidebrook,Wine
Tikves,Wine
Val d'Arenc,Wine
Valdespino,Wine
Valentin Zusslin,Wine
Valli,Wine
Vallisto,Wine
Van Biljon,Wine
Veiled Vineyards,Wine
Ver Sacrum,Wine
Veronica Ortega,Wine
Vina Ilusion,Wine
Vina Progresso,Wine
Vina Von Siebenthal,Wine
Vincent Gaudry,Wine
Vino Lauria,Wine
Vinvita,Wine
Whispering Angel,Wine
Wild House,Wine
Ancient Age,American Whiskey
Angel's Envy,American Whiskey
Balcones,American Whiskey
Bardstown,American Whiskey
Barrell,American Whiskey
Barton,American Whiskey
Basil Hayden,American Whiskey
Ben Holladay,American Whiskey
Benchmark,American Whiskey
Bernheim,American Whiskey
Bib & Tucker,American Whiskey
Black Maple Hill,American Whiskey
Black Saddle,American Whiskey
Blanton's,American Whiskey
Bond & Lillard,American Whiskey
Boondocks,American Whiskey
Boulder,American Whiskey
Bourbon de Luxe,American Whiskey
Bowsaw,American Whiskey
Brother's Bond,American Whiskey
Buck,American Whiskey
Buffalo Trace,American Whiskey
Bulleit,American Whiskey
Castle & Key,American Whiskey
Catoctin Creek,American Whiskey
Charlie Parry's,American Whiskey
Clyde May's,American Whiskey
Coppersea,American Whiskey
Copperworks,American Whiskey
Distillery 291,American Whiskey
Driftless,American Whiskey
Driftless Glen,American Whiskey
E H Taylor,American Whiskey
Eagle Rare,American Whiskey
Early Times,American Whiskey
Elijah Craig,American Whiskey
Elmer T Lee,American Whiskey
Evan Williams,American Whiskey
Ezra Brooks,American Whiskey
Few,American Whiskey
Four Roses,American Whiskey
Frey Ranch,American Whiskey
Gentleman's Cut,American Whiskey
George Dickel,American Whiskey
George T,American Whiskey
George T Stagg,American Whiskey
Green River,American Whiskey
Heaven Hill,American Whiskey
Heaven's Door,American Whiskey
Henebery,American Whiskey
Henry McKenna,American Whiskey
High West,American Whiskey
Hirsch,American Whiskey
Horse With No Name,American Whiskey
I W Harper,American Whiskey
J W Dant,American Whiskey
Jack Daniel's,American Whiskey
James E Pepper,American Whiskey
Jeptha Creed,American Whiskey
Jim Beam,American Whiskey
Johnny Drum,American Whiskey
Kentucky Gentleman,American Whiskey
Kentucky Owl,American Whiskey
Kentucky Vintage,American Whiskey
Kings County,American Whiskey
Knob Creek,American Whiskey
Kopper Kettle,American Whiskey
Larceny,American Whiskey
Leiper's Fork,American Whiskey
Maker's Mark,American Whiskey
MB Roland,American Whiskey
McKenzie,American Whiskey
Medley Bros,American Whiskey
Mellow Corn,American Whiskey
Michter's,American Whiskey
Never Say Die,American Whiskey
New Riff,American Whiskey
New York Distilling,American Whiskey
Noah's Mill,American Whiskey
OFC,American Whiskey
Old Crow,American Whiskey
Old Fitzgerald,American Whiskey
Old Forester,American Whiskey
Old Grand-Dad,American Whiskey
Old Line,American Whiskey
Old Medley,American Whiskey
Old Overholt,American Whiskey
Old Potrero,American Whiskey
Old Williamsburg,American Whiskey
Parker's,American Whiskey
Peerless,American Whiskey
Pendleton,American Whiskey
Penelope,American Whiskey
Pikesville,American Whiskey
Platte Valley,American Whiskey
Pure Kentucky,American Whiskey
Pursuit,American Whiskey
Rabbit Hole,American Whiskey
Rebel,American Whiskey
Redwood Empire,American Whiskey
Reservoir,American Whiskey
RI1,American Whiskey
Rittenhouse,American Whiskey
Rossville Union,American Whiskey
Sagamore,American Whiskey
Santa Fe Spirits,American Whiskey
Seagram's,American Whiskey
Smooth Ambler,American Whiskey
St George,American Whiskey
Star Hill Farm,American Whiskey
Stillbrook,American Whiskey
Stoll & Wolfe,American Whiskey
Templeton,American Whiskey
The Story Of Bourbon,American Whiskey
The Story Of...,American Whiskey
Thomas H Handy,American Whiskey
Tincup,American Whiskey
Traveller,American Whiskey
Uncle Nearest,American Whiskey
Van Brunt,American Whiskey
Very Old Barton,American Whiskey
Very Olde St Nick,American Whiskey
Virginia Distillery Co,American Whiskey
W L Weller,American Whiskey
Walker's,American Whiskey
War Eagle,American Whiskey
Wasmund's,American Whiskey
Wathen's,American Whiskey
Weller,American Whiskey
Westland,American Whiskey
Westward,American Whiskey
WhistlePig,American Whiskey
Widow Jane,American Whiskey
Wild Turkey,American Whiskey
Wildcatter,American Whiskey
Wilderness,American Whiskey
Wilderness Trail,American Whiskey
Willett,American Whiskey
Willett's,American Whiskey
WL Weller,American Whiskey
Woodford Reserve,American Whiskey
Wyoming,American Whiskey
Yellow Rose,American Whiskey
Yellowstone,American Whiskey
Ardara,Irish Whiskey
Blackwater,Irish Whiskey
Blue Spot,Irish Whiskey
Boann,Irish Whiskey
Bushmills,Irish Whiskey
Busker,Irish Whiskey
Clonakilty,Irish Whiskey
Connacht,Irish Whiskey
Connemara,Irish Whiskey
Cooley,Irish Whiskey
Dingle,Irish Whiskey
Drumshanbo,Irish Whiskey
Dubliner,Irish Whiskey
Dunville's,Irish Whiskey
Fercullen,Irish Whiskey
Glendalough,Irish Whiskey
Green Spot,Irish Whiskey
Hawk's Rock,Irish Whiskey
Hibiki,Irish Whiskey
Irishman,Irish Whiskey
Jameson,Irish Whiskey
Jane Doe,Irish Whiskey
JJ Corry,Irish Whiskey
Kilbeggan,Irish Whiskey
Killowen,Irish Whiskey
Kirker & Greer,Irish Whiskey
Knappogue Castle,Irish Whiskey
Method and Madness,Irish Whiskey
Midleton,Irish Whiskey
Nectar of the Daily Drams,Irish Whiskey
Nomad,Irish Whiskey
Old Comber,Irish Whiskey
Paddy,Irish Whiskey
Pogues,Irish Whiskey
Powers,Irish Whiskey
Proper No. Twelve,Irish Whiskey
Red Spot,Irish Whiskey
Redbreast,Irish Whiskey
Roe & Co,Irish Whiskey
Sailor's Home,Irish Whiskey
Sexton,Irish Whiskey
Shortcross,Irish Whiskey
Silkie,Irish Whiskey
Slane,Irish Whiskey
Teeling,Irish Whiskey
The Pogues,Irish Whiskey
Tullamore Dew,Irish Whiskey
Two Stacks,Irish Whiskey
Tyrconnell,Irish Whiskey
Various,Irish Whiskey
Waterford,Irish Whiskey
West Cork,Irish Whiskey
Whistler,Irish Whiskey
Writers Tears,Irish Whiskey
Yellow Spot,Irish Whiskey
Arbikie,Grain Whisky
Ballantine's,Grain Whisky
Caledonian,Grain Whisky
Cambus,Grain Whisky
Cameronbridge,Grain Whisky
Compass Box,Grain Whisky
Dumbarton,Grain Whisky
Garnheath,Grain Whisky
Girvan,Grain Whisky
Glen Garioch,Grain Whisky
Haig Club,Grain Whisky
Inchdairnie,Grain Whisky
Invergordon,Grain Whisky
Loch Lomond,Grain Whisky
North British,Grain Whisky
Port Dundas,Grain Whisky
Port of Leith,Grain Whisky
Spearhead,Grain Whisky
Strathclyde,Grain Whisky
Teaninich,Grain Whisky
Various Distilleries,Grain Whisky
Aldunie,Blended Malt
Auchnagie,Blended Malt
Ballantine's,Blended Malt
Big Peat,Blended Malt
Blue Hanger,Blended Malt
Burberrys,Blended Malt
Caisteal Chamuis,Blended Malt
Campbeltown Loch,Blended Malt
Chivas,Blended Malt
Chivas Regal,Blended Malt
Cladach,Blended Malt
Coilltean,Blended Malt
Collection Moon,Blended Malt
Collectivum,Blended Malt
Compass Box,Blended Malt
Copper Dog,Blended Malt
CRN57°,Blended Malt
Duncan Taylor,Blended Malt
Elements of Islay,Blended Malt
Epicurean,Blended Malt
Famous Grouse,Blended Malt
Gladstone Axe,Blended Malt
Glenleven,Blended Malt
Hart Brothers,Blended Malt
Highland Harvest,Blended Malt
Hogshead,Blended Malt
Johnnie Walker,Blended Malt
Mackintosh,Blended Malt
MacNair's,Blended Malt
Milroy's,Blended Malt
Monkey Shoulder,Blended Malt
Mossburn,Blended Malt
Noble Rebel,Blended Malt
North Star,Blended Malt
North Star Spirits,Blended Malt
Old Bannockburn,Blended Malt
Old Perth,Blended Malt
Peat Chimney,Blended Malt
Poit Dhubh,Blended Malt
Portgordon,Blended Malt
Rock Island,Blended Malt
Sandy Macdonald,Blended Malt
Scallywag,Blended Malt
Serendipity,Blended Malt
Shackleton's,Blended Malt
Sheep Dip,Blended Malt
Sideburn,Blended Malt
Six Isles,Blended Malt
Spice King,Blended Malt
Strathconon,Blended Malt
The Gauldrons,Blended Malt
The Guard Bridge,Blended Malt
The Hive,Blended Malt
The Whisky Exchange,Blended Malt
Thompson Bros,Blended Malt
Timorous,Blended Malt
Timorous Beastie,Blended Malt
Various,Blended Malt
Various Distilleries,Blended Malt
Watt Whisky,Blended Malt
Wemyss,Blended Malt
Westport,Blended Malt
Whisky Works,Blended Malt
Williamson,Blended Malt
Yula,Blended Malt
Adelphi,Blended Whisky
Ainslie's,Blended Whisky
Alex Ferguson,Blended Whisky
Anchor,Blended Whisky
Antiquary,Blended Whisky
Ardray,Blended Whisky
Auld Alliance,Blended Whisky
Ballantine's,Blended Whisky
Barker's,Blended Whisky
Baxter's,Blended Whisky
Bell's,Blended Whisky
Ben Nevis,Blended Whisky
Berry Bros & Rudd,Blended Whisky
Big Ben,Blended Whisky
Big T,Blended Whisky
Black & White,Blended Whisky
Black Bottle,Blended Whisky
Black Bull,Blended Whisky
Buchanan's,Blended Whisky
Bulloch Lade,Blended Whisky
Chequers,Blended Whisky
Chivas,Blended Whisky
Chivas Regal,Blended Whisky
Compass Box,Blended Whisky
Crabbie,Blended Whisky
Cutty Sark,Blended Whisky
Dawson's,Blended Whisky
Dewar's,Blended Whisky
Diageo,Blended Whisky
Dimple,Blended Whisky
Dunhill,Blended Whisky
Dunhillion,Blended Whisky
Famous Grouse,Blended Whisky
Findlater's,Blended Whisky
Friar John Cor,Blended Whisky
Gilbey's,Blended Whisky
Gilmour Thomson's,Blended Whisky
Glen Garry,Blended Whisky
Glendrostan,Blended Whisky
Glenrosa,Blended Whisky
Golden Age,Blended Whisky
Golden Heather,Blended Whisky
Grand Coronation,Blended Whisky
Grant's,Blended Whisky
Haig,Blended Whisky
Hankey Bannister,Blended Whisky
Harrods,Blended Whisky
Harvey's,Blended Whisky
Hazelwood,Blended Whisky
Heather Dew,Blended Whisky
House of Commons,Blended Whisky
Inver House,Blended Whisky
Islay Mist,Blended Whisky
Isle of Skye,Blended Whisky
J & G Stewart,Blended Whisky
J&B,Blended Whisky
James Eadie,Blended Whisky
James Haddow,Blended Whisky
John Player,Blended Whisky
Johnnie Walker,Blended Whisky
King William,Blended Whisky
King's Choice,Blended Whisky
King's Ransom,Blended Whisky
Laird O' Logan,Blended Whisky
Lauder's,Blended Whisky
Lochside,Blended Whisky
Logan,Blended Whisky
Logan's,Blended Whisky
Long John,Blended Whisky
Lord Elcho,Blended Whisky
MacNaMara,Blended Whisky
Mitchells & Butlers,Blended Whisky
Monarch Of The Highlands,Blended Whisky
Neal's,Blended Whisky
Old Court,Blended Whisky
Old Parr,Blended Whisky
Pig's Nose,Blended Whisky
Pinwinnie,Blended Whisky
Pure Scot,Blended Whisky
Putachieside,Blended Whisky
Robert Burns (Arran),Blended Whisky
Royal Household,Blended Whisky
Royal Salute,Blended Whisky
Sample Room,Blended Whisky
Samuel Webster & Sons.,Blended Whisky
Sandy Macdonald,Blended Whisky
Savoy,Blended Whisky
Scotland's Ripe Old Age,Blended Whisky
Seagram,Blended Whisky
Something Special,Blended Whisky
Spey Cast,Blended Whisky
Storyman,Blended Whisky
Symington’s,Blended Whisky
Té Bheag,Blended Whisky
Teacher's,Blended Whisky
The Artful Dodger,Blended Whisky
The Last Drop,Blended Whisky
The Royal Household,Blended Whisky
The Scotsman,Blended Whisky
The Woodsman,Blended Whisky
Thompson Bros,Blended Whisky
Uam Var,Blended Whisky
Various,Blended Whisky
Vat 69,Blended Whisky
Whisky Works,Blended Whisky
White Heather,Blended Whisky
White Horse,Blended Whisky
Whyte & Mackay,Blended Whisky
Wildmoor,Blended Whisky
William Lawson's,Blended Whisky
Wm. Maxwell,Blended Whisky
Woven,Blended Whisky
Wright & Greigs,Blended Whisky
Aberfeldy,Single Malt Whisky
Aberlour,Single Malt Whisky
Allt-a-Bhainne,Single Malt Whisky
AnCnoc,Single Malt Whisky
Angels' Nectar,Single Malt Whisky
Ardbeg,Single Malt Whisky
Ardmore,Single Malt Whisky
Ardnahoe,Single Malt Whisky
Ardnamurchan,Single Malt Whisky
Arran,Single Malt Whisky
Auchentoshan,Single Malt Whisky
Auchroisk,Single Malt Whisky
Aultmore,Single Malt Whisky
Balblair,Single Malt Whisky
Ballechin,Single Malt Whisky
Balmenach,Single Malt Whisky
Balvenie,Single Malt Whisky
Banff,Single Malt Whisky
Ben Eideann,Single Malt Whisky
Ben Nevis,Single Malt Whisky
Ben Wyvis,Single Malt Whisky
Benriach,Single Malt Whisky
Benrinnes,Single Malt Whisky
Benromach,Single Malt Whisky
Bladnoch,Single Malt Whisky
Blair Athol,Single Malt Whisky
Bonnington,Single Malt Whisky
Bowmore,Single Malt Whisky
Braes of Glenlivet (Braeval),Single Malt Whisky
Brora,Single Malt Whisky
Bruchladdich,Single Malt Whisky
Bruichladdich,Single Malt Whisky
Bunnahabhain,Single Malt Whisky
Caol Ila,Single Malt Whisky
Caperdonich,Single Malt Whisky
Cardhu,Single Malt Whisky
Clynelish,Single Malt Whisky
Coleburn,Single Malt Whisky
Convalmore,Single Malt Whisky
Crabbie,Single Malt Whisky
Cragganmore,Single Malt Whisky
Craigduff,Single Malt Whisky
Craigellachie,Single Malt Whisky
Croftengea,Single Malt Whisky
Cu Bocan,Single Malt Whisky
Daftmill,Single Malt Whisky
Dailuaine,Single Malt Whisky
Dallas Dhu,Single Malt Whisky
Dalmore,Single Malt Whisky
Dalmunach,Single Malt Whisky
Dalwhinnie,Single Malt Whisky
Deanston,Single Malt Whisky
Dornoch,Single Malt Whisky
Dufftown,Single Malt Whisky
Dunglass,Single Malt Whisky
Eden Mill,Single Malt Whisky
Edradour,Single Malt Whisky
Fettercairn,Single Malt Whisky
Finlaggan,Single Malt Whisky
Glen Albyn,Single Malt Whisky
Glen Deveron,Single Malt Whisky
Glen Elgin,Single Malt Whisky
Glen Flagler,Single Malt Whisky
Glen Garioch,Single Malt Whisky
Glen Grant,Single Malt Whisky
Glen Keith,Single Malt Whisky
Glen Mhor,Single Malt Whisky
Glen Moray,Single Malt Whisky
Glen Ord,Single Malt Whisky
Glen Rothes,Single Malt Whisky
Glen Scotia,Single Malt Whisky
Glen Spey,Single Malt Whisky
Glenallachie,Single Malt Whisky
Glenburgie,Single Malt Whisky
Glencadam,Single Malt Whisky
Glendronach,Single Malt Whisky
Glendullan,Single Malt Whisky
Glenesk,Single Malt Whisky
Glenfarclas,Single Malt Whisky
Glenfiddich,Single Malt Whisky
Glenfyne,Single Malt Whisky
Glenglassaugh,Single Malt Whisky
Glengoyne,Single Malt Whisky
Glenkinchie,Single Malt Whisky
Glenlivet,Single Malt Whisky
Glenlochy,Single Malt Whisky
Glenlossie,Single Malt Whisky
Glenmorangie,Single Malt Whisky
Glenrothes,Single Malt Whisky
Glentauchers,Single Malt Whisky
Glenturret,Single Malt Whisky
Glenugie,Single Malt Whisky
Glenury Royal,Single Malt Whisky
Glenwyvis,Single Malt Whisky
Hazelburn,Single Malt Whisky
Highland Harvest,Single Malt Whisky
Highland Park,Single Malt Whisky
Hillside,Single Malt Whisky
Holyrood,Single Malt Whisky
Ileach,Single Malt Whisky
Imperial,Single Malt Whisky
Inchdairnie,Single Malt Whisky
Inchgower,Single Malt Whisky
Inchmoan,Single Malt Whisky
Inchmurrin,Single Malt Whisky
Inverleven,Single Malt Whisky
Isle of Harris,Single Malt Whisky
Isle of Raasay,Single Malt Whisky
Johnny Cree,Single Malt Whisky
Jura,Single Malt Whisky
Kilchoman,Single Malt Whisky
Kilkerran,Single Malt Whisky
Killyloch,Single Malt Whisky
Kinclaith,Single Malt Whisky
Kingsbarns,Single Malt Whisky
Kininvie,Single Malt Whisky
Knockando,Single Malt Whisky
Knockdhu,Single Malt Whisky
Ladyburn,Single Malt Whisky
Lagavulin,Single Malt Whisky
Lagg,Single Malt Whisky
Laphroaig,Single Malt Whisky
Ledaig,Single Malt Whisky
Linkwood,Single Malt Whisky
Linlithgow,Single Malt Whisky
Littlemill,Single Malt Whisky
Loch Dhu,Single Malt Whisky
Loch Lomond,Single Malt Whisky
Lochlea,Single Malt Whisky
Lochside,Single Malt Whisky
Longmorn,Single Malt Whisky
Longrow,Single Malt Whisky
Macallan,Single Malt Whisky
Macduff,Single Malt Whisky
MacPhail's,Single Malt Whisky
Mac-Talla,Single Malt Whisky
Mannochmore,Single Malt Whisky
Meikle Toir,Single Malt Whisky
Millburn,Single Malt Whisky
Miltonduff,Single Malt Whisky
Mortlach,Single Malt Whisky
Mosstowie,Single Malt Whisky
Nc'nean,Single Malt Whisky
North Port (Brechin),Single Malt Whisky
Oban,Single Malt Whisky
Octomore,Single Malt Whisky
Old Ballantruan,Single Malt Whisky
Old Elgin,Single Malt Whisky
Old Orkney,Single Malt Whisky
Old Pulteney,Single Malt Whisky
Old Rhosdhu,Single Malt Whisky
Pittyvaich,Single Malt Whisky
Port Askaig,Single Malt Whisky
Port Charlotte,Single Malt Whisky
Port Ellen,Single Malt Whisky
Pride of Islay,Single Malt Whisky
Pride of Strathspey,Single Malt Whisky
Rosebank,Single Malt Whisky
Roseisle,Single Malt Whisky
Royal Brackla,Single Malt Whisky
Royal Lochnagar,Single Malt Whisky
Scapa,Single Malt Whisky
Singleton,Single Malt Whisky
Singleton of Dufftown,Single Malt Whisky
Smokehead,Single Malt Whisky
Spey,Single Malt Whisky
Speyburn,Single Malt Whisky
Speyside,Single Malt Whisky
Springbank,Single Malt Whisky
St Magdalene,Single Malt Whisky
Strathearn,Single Malt Whisky
Strathisla,Single Malt Whisky
Strathmill,Single Malt Whisky
Talisker,Single Malt Whisky
Tamdhu,Single Malt Whisky
Tamnavulin,Single Malt Whisky
Teaninich,Single Malt Whisky
Thompson Bros,Single Malt Whisky
Tobermory,Single Malt Whisky
Tomatin,Single Malt Whisky
Tomintoul,Single Malt Whisky
Torabhaig,Single Malt Whisky
Tormore,Single Malt Whisky
Tullibardine,Single Malt Whisky
Undisclosed Distillery,Single Malt Whisky
Various,Single Malt Whisky
Various Distilleries,Single Malt Whisky
Wolfburn,Single Malt Whisky
Aalborg,Other Spirits
ABA,Other Spirits
Abelha,Other Spirits
Abou Elias,Other Spirits
Absente 55,Other Spirits
Agave Australis,Other Spirits
Aguamiel,Other Spirits
Ahus Akvavit,Other Spirits
Almqvist,Other Spirits
Amboka,Other Spirits
Antinori,Other Spirits
Arack As-Samir,Other Spirits
Ararat,Other Spirits
Asbach,Other Spirits
Assenzio,Other Spirits
Avallen,Other Spirits
Bacardi,Other Spirits
Ban,Other Spirits
Barsol,Other Spirits
Belvedere,Other Spirits
Bepi Tosolini,Other Spirits
Berghof,Other Spirits
Berneroy,Other Spirits
Birds,Other Spirits
Blackwater,Other Spirits
Bodega,Other Spirits
Bodega Murga,Other Spirits
Boukha,Other Spirits
Boulard,Other Spirits
Briottet,Other Spirits
Burnt Faith,Other Spirits
Busnel,Other Spirits
Campo de Encanto,Other Spirits
Camut,Other Spirits
Capovilla,Other Spirits
Capreolus,Other Spirits
Cardenal Mendoza,Other Spirits
Carlos I,Other Spirits
Charmed Circle,Other Spirits
Chateau du Breuil,Other Spirits
Christian Drouin,Other Spirits
Ciroc,Other Spirits
Coeur du Breuil,Other Spirits
Cointreau,Other Spirits
Combier,Other Spirits
Daisi,Other Spirits
Demonio De Los Andes,Other Spirits
Devil's Botany,Other Spirits
Didier Lemorton,Other Spirits
Distilleria Francesco S. Massenza,Other Spirits
Domaine de la Flaguerie,Other Spirits
Domus,Other Spirits
Drouet,Other Spirits
Du Coquerel,Other Spirits
Dupont,Other Spirits
El Cabron,Other Spirits
El Gobernador,Other Spirits
El Massaya,Other Spirits
Empirical,Other Spirits
Empirical Spirits,Other Spirits
Eric Bordelet,Other Spirits
Farmily,Other Spirits
Fernando de Castilla,Other Spirits
Francesco S. Massenza,Other Spirits
Freya,Other Spirits
Fundador,Other Spirits
Gaja,Other Spirits
Germana,Other Spirits
Gran Duque D'Alba,Other Spirits
Grand Absente,Other Spirits
Grey Goose,Other Spirits
Hacienda de Chihuahua,Other Spirits
Hapsburg,Other Spirits
Hautes Glaces,Other Spirits
Henry de Querville,Other Spirits
Hepple,Other Spirits
Hikari,Other Spirits
Hong Yun,Other Spirits
Hongxing,Other Spirits
Hwasim,Other Spirits
Iichiko,Other Spirits
J&J Brewery,Other Spirits
Jacopo Poli,Other Spirits
Jade,Other Spirits
Jelinek,Other Spirits
Jeptha Creed,Other Spirits
Jinmaek,Other Spirits
Joeunsool,Other Spirits
Julia,Other Spirits
Ketel One,Other Spirits
Kweichow,Other Spirits
Kweichow Moutai,Other Spirits
La Diablada,Other Spirits
La Fée,Other Spirits
La Higuera,Other Spirits
La Maison Fontaine,Other Spirits
La Travesia,Other Spirits
La Venenosa,Other Spirits
Laballe,Other Spirits
Laird's,Other Spirits
Lalocura,Other Spirits
Lang Pai Te,Other Spirits
Leblon,Other Spirits
Lemorton,Other Spirits
Lepanto,Other Spirits
Linie,Other Spirits
Louis Lemorton,Other Spirits
Louis Roque,Other Spirits
Lubberhuizen & Raaff,Other Spirits
Luigi Francoli,Other Spirits
Luzhou Laojiao,Other Spirits
Macchu,Other Spirits
Macieira,Other Spirits
Mad,Other Spirits
Maltrana,Other Spirits
Maraska,Other Spirits
Marquis de Montdidier,Other Spirits
Martell,Other Spirits
Maya Pistola,Other Spirits
Metaxa,Other Spirits
Michel Huard,Other Spirits
Miclo,Other Spirits
Mikkeller,Other Spirits
Ming River,Other Spirits
Morin,Other Spirits
Nardini,Other Spirits
Nikka,Other Spirits
Nocheluna,Other Spirits
Nonino,Other Spirits
Nusbaumer,Other Spirits
O.P Anderson,Other Spirits
Off the Cuffee,Other Spirits
Ono,Other Spirits
Otogo,Other Spirits
Outlier,Other Spirits
Pal’alma,Other Spirits
Paul John,Other Spirits
Pere Magloire,Other Spirits
Pernod,Other Spirits
Pierre Huet,Other Spirits
Pojer e Sandri,Other Spirits
Poongjeong,Other Spirits
Quaglia,Other Spirits
Quarter Proof,Other Spirits
Reisetbauer,Other Spirits
Ricard,Other Spirits
Rochelt,Other Spirits
Roger Groult,Other Spirits
Romano Levi,Other Spirits
Roots,Other Spirits
San Leonardo,Other Spirits
Satoh,Other Spirits
Sebor,Other Spirits
Seven Tails,Other Spirits
Silver Circle,Other Spirits
Sin Gusano,Other Spirits
Singani 63,Other Spirits
Soberano,Other Spirits
Somerset,Other Spirits
Somerset Cider,Other Spirits
Sotoleros,Other Spirits
Spirytus,Other Spirits
St George,Other Spirits
St Remy,Other Spirits
Stock,Other Spirits
Sulseam,Other Spirits
Taikun,Other Spirits
Tarquin's,Other Spirits
Tempus Fugit,Other Spirits
Theakston,Other Spirits
Three Barrels,Other Spirits
Three Olives,Other Spirits
Torres,Other Spirits
Toyonaga,Other Spirits
Twenty,Other Spirits
Vecchia Romagna,Other Spirits
Velho Barreiro,Other Spirits
Verdor,Other Spirits
Vulson,Other Spirits
Waqar,Other Spirits
Weber Haus,Other Spirits
Wihayo,Other Spirits
Wuliangye,Other Spirits
Xinghuacun,Other Spirits
Yaguara,Other Spirits
Yamanomori,Other Spirits
Yeni,Other Spirits
Ysabel Regina,Other Spirits
Abasolo,Rest of the World Whisky
Aber Falls,Rest of the World Whisky
Adelphi,Rest of the World Whisky
Agitator,Rest of the World Whisky
Aikan,Rest of the World Whisky
Akashi,Rest of the World Whisky
Alberta Premium,Rest of the World Whisky
Alberta Springs,Rest of the World Whisky
Amaethon,Rest of the World Whisky
Amahagan,Rest of the World Whisky
Amrut,Rest of the World Whisky
Arlett,Rest of the World Whisky
Armorik,Rest of the World Whisky
autes Glaces,Rest of the World Whisky
Backwoods,Rest of the World Whisky
Bakery Hill,Rest of the World Whisky
Bankhall,Rest of the World Whisky
Bimber,Rest of the World Whisky
Blavier,Rest of the World Whisky
Box,Rest of the World Whisky
Brenne,Rest of the World Whisky
Canadian Club,Rest of the World Whisky
Cardrona,Rest of the World Whisky
Carpathian,Rest of the World Whisky
Castan-Vilanova,Rest of the World Whisky
CEO,Rest of the World Whisky
Circumstance,Rest of the World Whisky
Circumstantial,Rest of the World Whisky
Coastal Stone,Rest of the World Whisky
Compass Box,Rest of the World Whisky
Copenhagen,Rest of the World Whisky
Corowa,Rest of the World Whisky
Cotswolds,Rest of the World Whisky
Crown Royal,Rest of the World Whisky
Dartmoor,Rest of the World Whisky
Distillerie de Paris,Rest of the World Whisky
East London Liquor,Rest of the World Whisky
Equipos Navazos,Rest of the World Whisky
Feddie,Rest of the World Whisky
Fielden,Rest of the World Whisky
Filey Bay,Rest of the World Whisky
Finch,Rest of the World Whisky
Fleurieu,Rest of the World Whisky
Floki,Rest of the World Whisky
Forest,Rest of the World Whisky
Forty Creek,Rest of the World Whisky
Glann Ar Mor,Rest of the World Whisky
Goalong,Rest of the World Whisky
Godawan,Rest of the World Whisky
Gwalarn,Rest of the World Whisky
Hardenberg,Rest of the World Whisky
Hatozaki,Rest of the World Whisky
Hautes Glaces,Rest of the World Whisky
Hellyers Road,Rest of the World Whisky
Helsink,Rest of the World Whisky
High Coast,Rest of the World Whisky
Hordeum,Rest of the World Whisky
Ichiro's,Rest of the World Whisky
Indri,Rest of the World Whisky
Indri Dru,Rest of the World Whisky
Jaar,Rest of the World Whisky
Jiu Hai Bu Gan,Rest of the World Whisky
JP Wiser's,Rest of the World Whisky
Kaiyo,Rest of the World Whisky
Kavalan,Rest of the World Whisky
Ki One,Rest of the World Whisky
Kimchangsoo,Rest of the World Whisky
Kornog,Rest of the World Whisky
Kurayoshi,Rest of the World Whisky
Kyro,Rest of the World Whisky
La Piautre,Rest of the World Whisky
La Roche Aux Fees,Rest of the World Whisky
Laizhou,Rest of the World Whisky
Langatun,Rest of the World Whisky
Launceston,Rest of the World Whisky
Le Breuil,Rest of the World Whisky
London Distillery Company,Rest of the World Whisky
Lot 40,Rest of the World Whisky
Macaloney’s,Rest of the World Whisky
Mars,Rest of the World Whisky
Michel Couvreur,Rest of the World Whisky
Milk & Honey,Rest of the World Whisky
Millstone,Rest of the World Whisky
Morris,Rest of the World Whisky
Muteman,Rest of the World Whisky
Myken,Rest of the World Whisky
New Zealand Whisky Company,Rest of the World Whisky
Nikka,Rest of the World Whisky
Nomad,Rest of the World Whisky
Oxford,Rest of the World Whisky
Paul John,Rest of the World Whisky
Pelter,Rest of the World Whisky
Penderyn,Rest of the World Whisky
Pendleton,Rest of the World Whisky
Pokeno,Rest of the World Whisky
Prakaan,Rest of the World Whisky
Rampur,Rest of the World Whisky
Red Bank,Rest of the World Whisky
Retribution,Rest of the World Whisky
Rosemaund Farm,Rest of the World Whisky
Royal Canadian,Rest of the World Whisky
Rozelieures,Rest of the World Whisky
Sacred,Rest of the World Whisky
Saillt Mor,Rest of the World Whisky
Scapegrace,Rest of the World Whisky
Secale,Rest of the World Whisky
Seven Seals,Rest of the World Whisky
Shinju,Rest of the World Whisky
Signal Hill,Rest of the World Whisky
Smogen,Rest of the World Whisky
Spirit of Hven,Rest of the World Whisky
Starward,Rest of the World Whisky
Stauning,Rest of the World Whisky
Stork Club,Rest of the World Whisky
Sullivans Cove,Rest of the World Whisky
Taketsuru,Rest of the World Whisky
Teerenpeli,Rest of the World Whisky
The English Distillery,Rest of the World Whisky
The Gospel,Rest of the World Whisky
The Heart Cut,Rest of the World Whisky
The Lakes,Rest of the World Whisky
The Sandebud,Rest of the World Whisky
Thomson,Rest of the World Whisky
Thy,Rest of the World Whisky
Togouchi,Rest of the World Whisky
Tokinoka,Rest of the World Whisky
Two Brewers,Rest of the World Whisky
Various Distilleries,Rest of the World Whisky
Version Francaise,Rest of the World Whisky
Vulson,Rest of the World Whisky
Wambrechies,Rest of the World Whisky
Weetwood,Rest of the World Whisky
White Peak,Rest of the World Whisky
Woven,Rest of the World Whisky
Yamazakura,Rest of the World Whisky
Yushan,Rest of the World Whisky
Zuidam,Rest of the World Whisky
