Brand,Country
100 Pipers,Scotland
1770 Glasgow,Scotland
1792,United States
A Drop of the Irish,Ireland
A Highland Distillery,Scotland
A Lowland Distillery,Scotland
A Secret Highland Distillery,Scotland
A Secret Islay Distillery,Scotland
A Secret Orkney Distillery,Scotland
A Secret Speyside,Scotland
A Secret Speyside Distillery,Scotland
A Speyside Distillery,Scotland
A.H. Hirsch,United States
Aber Falls,United Kingdom
Aberfeldy,Scotland
Aberlour,Scotland
Aberlour Glenlivet,Scotland
Abhainn Dearg,Scotland
Abrachan,Scotland
Abraham Bowman,United States
Adnams,United Kingdom
Agitator,Sweden
Aikan,Martinique
Ailsa Bay,Scotland
Ainslie's,Scotland
Aird Mhor,Scotland
Akashi,Japan
Alberta Premium,Canada
Aldunie,Scotland
Allgäu-Whisky,Germany
Allt-a-Bhainne,Scotland
Alt Enderle,Germany
Amahagan,Japan
Ambassador,Scotland
Amrut,India
An Iconic Speyside,Scotland
An Iconic Speyside Distillery,Scotland
An Islay,Scotland
An Islay Distillery,Scotland
An Orkney Distillery,Scotland
An Undisclosed Speyside Distillery,Scotland
Ancestor,Scotland
Ancient Age,United States
anCnoc,Scotland
Angel's Envy,United States
Angels' Nectar,Scotland
Annandale,Scotland
Arbikie,Scotland
Archer's,Scotland
Archie Rose,Australia
Ardbeg,Scotland
Ardlair,Scotland
Ardmore,Scotland
Ardnahoe,Scotland
Ardnamurchan,Scotland
Armorik,France
Arran,Scotland
Artist Blend,Scotland
As We Get It,Scotland
Asaka,Japan
Asyla,Scotland
Athrú,Ireland
Auchentoshan,Scotland
Auchindoun,Scotland
Auchnagie,Scotland
Auchroisk,Scotland
August 17th,Belgium
Aultmore,Scotland
Aureum 1865,Germany
Avonside,Scotland
AWA,France
Ayrer's,Germany
Ayrshire,Scotland
Bad na h-Achlaise,Scotland
Bain's,South Africa
Baker's (USA),United States
Bakery Hill,Australia
Balblair,Scotland
Balcones,United States
Ballantine's,Scotland
Ballechin,Scotland
Ballindalloch,Scotland
Ballykeefe Distillery,Ireland
Balmenach,Scotland
Baltach,Germany
Balvenie,Scotland
Banff,Scotland
Bankhall,United Kingdom
Bardstown Bourbon Company,United States
Bårelegs,Scotland
Barrell Bourbon,United States
Barrell Rye,United States
Barrell Whiskey,United States
Barton,United States
Basil Hayden's,United States
Beam's,United States
Beam's Choice,United States
Beathan,Scotland
Beek,Netherlands
Belgrove,Australia
Bell's,Scotland
Belle Meade Bourbon,United States
Bellevoye,France
Ben Bracken,Scotland
Ben Holladay,United States
Ben Nevis,Scotland
Ben Wyvis,Scotland
Beneagles,Scotland
Benmore,Scotland
BenRiach,Scotland
Benrinnes,Scotland
Benromach,Scotland
Bergslagens,Sweden
Bernheim Original,United States
Beverbach,Germany
Bib & Tucker,United States
"Big ""T""",Scotland
Big Peat,Scotland
Bimber,United Kingdom
Bivrost,Norway
Black & White,Scotland
Black Bottle,Scotland
Black Bull,Scotland
Black Forest,Germany
Black Gate,Australia
Black Jack,Scotland
Black Mountain,France
Black Rock (IRL),Ireland
Black Snake,Scotland
Black Velvet,Canada
Blackened,United States
Blacks,Ireland
Blackstone,
Blackwater,Ireland
Bladnoch,Scotland
Blair Athol,Scotland
Blairfindy,Scotland
Blairmhor,Scotland
Blanton's,United States
Blaue Maus,Germany
Blend of Islay Malt,Scotland
Blended Grain,Scotland
Blended Grain Scotch Whisky,Scotland
Blended Malt,Scotland
Blended Malt Scotch Whisky,Scotland
Blended Malt Whisky,Scotland
Blended Scotch Whisky,Scotland
Blended Whisky,
Blood Oath,United States
Blossoming Auld Sherried,
Blue Hanger,Scotland
Blue Spot,Ireland
BM Signature,France
Boann Distillery,Ireland
Bomberger's,United States
Booker's,United States
Bosch-Edelbrand,Germany
Boulder Spirits,United States
Bourbon Whiskey,United States
Bowmore,Scotland
Box,Sweden
Braeckman Distillers,Belgium
Braes of Glenlivet,Scotland
Braeval,Scotland
Braon Peat,Scotland
Brauerei Falken,Switzerland
Braunstein,Denmark
Breath of Islay,Scotland
Breath of Speyside,Scotland
Breath of the Isles,Scotland
Breckenridge,United States
Brigantia,Germany
Broger,Austria
Broken Bones Whisky,Slovenia
Brora,Scotland
Bruges Whisky Company,Belgium
Bruichladdich,Scotland
buair an diabhail of Islay,Scotland
Buchanan's,Scotland
Buffalo Trace,United States
Bull Run,United States
Bulleit,United States
Bulloch Lade's,Scotland
Bunnahabhain,Scotland
Burnside,Scotland
Bus Whisky,Netherlands
Bushmills,United Kingdom
Cadenheads,Scotland
Caledonian,Scotland
Callington Mill,Australia
Cambus,Scotland
Cameronbridge,Scotland
Campbeltown,Scotland
Campbeltown Blended Malt,Scotland
Campbeltown Blended Malt Scotch Whisky,Scotland
Campbeltown Commemoration,Scotland
Campbeltown Loch,Scotland
Campbeltown PBS,Scotland
Canadian Club,Canada
Candid,Scotland
Canto Cask,Scotland
Caol Ila,Scotland
Caperdonich,Scotland
Cardhu,Scotland
Carpathian,Romania
Carsebridge,Scotland
Cask Islay,Scotland
Catoctin Creek,United States
Catto,Scotland
Catto's,Scotland
Cedar Ridge,United States
Celtic Cask,Ireland
Celtique Connexion,France
Charbay,United States
Chattanooga Whiskey,United States
Chequers,Scotland
Chichibu,Japan
Chicken Cock,United States
Chieftain's,Scotland
Chita,Japan
Chivas Brothers,Scotland
Chivas Regal,Scotland
Christmas Malt,Scotland
Cigar Malt,
Circumstance,
Clan Campbell,Scotland
Clan Colla,Ireland
Clan Denny,Scotland
Clan MacGregor,Scotland
Classic of Islay,Scotland
Cley Whisky,Netherlands
Clonakilty,Ireland
Clontarf,Ireland
Cluny,Scotland
Clyde May's,United States
Clydebuilt,Scotland
Clynelish,Scotland
Coillmór,Germany
Coleburn,Scotland
Colkegan,United States
Colonel E.H. Taylor,United States
Confidential Cask,Scotland
Connemara,Ireland
Convalmore,Scotland
Cooley,Ireland
Copenhagen Distillery,Denmark
Copperworks,United States
Corsair,United States
Cotswolds,United Kingdom
Courage & Conviction,United States
Couvreur's Clearach,France
Crabbie,Scotland
Cragganmore,Scotland
Craigellachie,Scotland
Crawford's (SCO),Scotland
Creations,Scotland
CRN57˚,
Croftengea,Scotland
Croithlí,Ireland
Crown Royal,Canada
Culdrain,Scotland
Currach,Ireland
Cutty Sark,Scotland
Dad's Hat,United States
Daftmill,Scotland
Dahomey,Netherlands
Dailuaine,Scotland
Dallas Dhu,Scotland
Dalmore,Scotland
Dalmunach,Scotland
Dalrymple,Scotland
Dalwhinnie,Scotland
Danne's,Germany
Dartmoor Whisky,United Kingdom
De IJsvogel,Netherlands
Deanston,Scotland
DeCavo,Germany
Del Bac,United States
Dew of Ben Nevis,Scotland
Dewar's,Scotland
Diedenacker,Luxembourg
Dimple,Scotland
Dingle,Ireland
Distilled at a Secret Islay Distillery,Scotland
Distilled at a Secret Speyside Distillery,Scotland
Distilled at an Islay Distillery,Scotland
Distilled at Ireland,Ireland
Distilled at South Islay,Scotland
Distilled in Ireland,Ireland
Distilled in Sutherland,Scotland
Distillery 291,United States
Dithmarscher Whisky,Germany
Doc Swinson's,United States
Dolleruper,Germany
Domaine des Hautes Glaces,France
Dornoch,Scotland
Double Barrel,Scotland
Drexler,Germany
Driftless Glen,United States
Drumblade,Scotland
Drumguish,Scotland
Drumshanbo,Ireland
Dry Fly,United States
Dufftown,Scotland
Dumbarton,Scotland
Dun Bheagan,Scotland
Dundalgan,Ireland
Dunhill,Scotland
Dunville's,United Kingdom
DYC,Spain
Eagle of Spey,Scotland
Eagle Rare,United States
Eaglesburn,Netherlands
Early Times,United States
East London,United Kingdom
Eastmoor,Netherlands
Eddu,France
Edelbrände Senft,Germany
Eden Mill,Scotland
Edinburgh Festival,Scotland
Edradour,Scotland
Egan's,Ireland
Eifel Whisky,Germany
Eigashima,Japan
Eiktyrne,Norway
Einar's,Faroe Islands
El Máximo,Scotland
Elbe-Valley NORDIK Whisky,Germany
Elch Whisky,Germany
Elijah Craig,United States
Elmer T. Lee,United States
Elsass Whisky,France
ElsBurn,Germany
Emill,Germany
Emperor's Way,Germany
Eschenbrenner Whisky,Germany
Evan Williams,United States
Evolution,Scotland
Excalibur,Scotland
Ezra Brooks,United States
Fading Hill,Germany
Fary Lochan,Denmark
Fascadale,Scotland
Fassmeister Edition,Germany
Feingeist,Germany
Feller,Germany
Fercullen,Ireland
Fettercairn,Scotland
FEW,United States
Filey Bay,United Kingdom
Finch,Germany
Findlater's,Scotland
Finglassie,Scotland
Finlaggan,Scotland
Flaming Heart,Scotland
Fleeting,Scotland
Fleurieu Distillery,Australia
Flóki,Iceland
Forest Whisky,United Kingdom
Forty Creek,Canada
Found North,Canada
Four Roses,United States
Fraoch Mòinteach,Scotland
Frey Ranch,United States
Frysk Hynder,Netherlands
Fuaran Ile,Scotland
Fuji Gotemba,Japan
G. Rozelieures,France
Galaad,France
Gammelstilla,Sweden
Garnheath,Scotland
Garrison Brothers,United States
Gelston's,United Kingdom
Gemenc,Hungary
George Dickel,United States
George T. Stagg,United States
Gerhard Büchner,Germany
Gerlachus WiskiE,Netherlands
Gerston,Scotland
Geuting,Germany
Gilbey's,Scotland
Gilors,Germany
Girvan,Scotland
Gjoleid,Norway
Glann ar Mor,France
Glasgow Blend,Scotland
Glasgow Distillery,Scotland
Glen Albyn,Scotland
Glen Avon,Scotland
Glen Breton Rare,Canada
Glen Calder,Scotland
Glen Castle,Scotland
Glen Deveron,Scotland
Glen Elgin,Scotland
Glen Els,Germany
Glen Flagler,Scotland
Glen Garioch,Scotland
Glen Garry,Scotland
Glen Gordon,Scotland
Glen Grant,Scotland
Glen Keith,Scotland
Glen Marnoch,Scotland
Glen Mhor,Scotland
Glen Moray,Scotland
Glen Nevis,Scotland
Glen Ord,Scotland
Glen Scanlan,Scotland
Glen Scotia,Scotland
Glen Spey,Scotland
Glen Talloch,Scotland
Glen Turner,Scotland
Glenalba,Scotland
Glenallachie,Scotland
Glenburgie,Scotland
Glencadam,Scotland
Glencoe,Scotland
Glencraig,Scotland
Glendalough,Ireland
Glendronach,Scotland
Glendullan,Scotland
Glenesk,Scotland
Glenfarclas,Scotland
Glenfiddich,Scotland
Glenglassaugh,Scotland
Glengoyne,Scotland
Glenkinchie,Scotland
Glenleven,Scotland
Glenlivet,Scotland
Glenlochy,Scotland
Glenlossie,Scotland
Glenmorangie,Scotland
Glenrothes,Scotland
Glenshiel,Scotland
Glentauchers,Scotland
Glenturret,Scotland
Glenugie,Scotland
Glenury Royal,Scotland
GlenWyvis,Scotland
Glina Whisky,Germany
Goalong Liquor,China
Golani,Israel
Gold Cock,Czech Republic
Golden Horse,Japan
Goldlys,Belgium
Gooderham & Worts Ltd.,Canada
Gouden Carolus,Belgium
Grace O'Malley,Ireland
Grand Macnish,Scotland
Grand Old Parr,Scotland
Grangestone,Scotland
Grant's,Scotland
Great King Street,Scotland
Green River,United States
Green Spot,Ireland
Greenore,Ireland
Greg's,
Guglhof,Austria
Guillon,France
Haas,Germany
Haig,Scotland
Haig & Haig,Scotland
Haig's,Scotland
Hakushu,Japan
Hamiltons,Scotland
Hankey Bannister,Scotland
Hanyu,Japan
Hatozaki,Japan
Hazelburn,Scotland
Heartgow,Germany
Heartwood,Australia
Heaven Hill,United States
Heaven's Door,United States
Hedges & Butler,Scotland
Hedonism,Scotland
HeiligenBergFeld,Germany
Hellinger,Germany
Hellyers Road,Australia
Helsinki Whiskey,Finland
Henry McKenna,United States
Henstone Distillery,United Kingdom
Hepp,France
Herr Lüthy,Switzerland
Hibiki,Japan
High Coast,Sweden
High West,United States
HighGlen,Switzerland
Highland,Scotland
Highland Clan,Scotland
Highland Fusilier,Scotland
Highland Heart,Scotland
Highland Malt,Scotland
Highland Park,Scotland
Highland Queen,Scotland
Highland Region,Scotland
Highland Single Malt,Scotland
Highland Single Malt Scotch Whisky,Scotland
Highland Symphony,
Hillock,Germany
Hillrock,United States
Hinch,Ireland
Hinomaru,Japan
Hinrichsen's,Germany
Hirsch,United States
Hirsch Selection,United States
Hobart Whisky,Australia
Hollen,Switzerland
Holy Distillery,Taiwan
Holyrood,Scotland
Horse Soldier,United States
House Malt,Scotland
House of Hazelwood,Scotland
House of Lords,Scotland
House of Peers,Scotland
Hualux,Scotland
Hudson,United States
Humbel Distillery,Switzerland
Hven,Sweden
Hyde,Ireland
I.W. Harper,United States
Ichiro's,Japan
Images of Dufftown,Scotland
Images of Islay,Scotland
Imperial,Scotland
InchDairnie,Scotland
Inchfad,Scotland
Inchgower,Scotland
Inchmoan,Scotland
Inchmurrin,Scotland
Indri,India
Iniquity,Australia
Intravagan'za,Scotland
Inver House,Scotland
Invergordon,Scotland
Inverleven,Scotland
Ireland,Ireland
Irish,Ireland
Irish Diamonds,Ireland
Irish Single Malt,Ireland
Irish Single Malt Whiskey,Ireland
Irish Whiskey,Ireland
Ironroot,United States
Island,Scotland
Islay,Scotland
Islay Blended Malt,Scotland
Islay Blended Malt Scotch Whisky,Scotland
Islay Gold,Scotland
Islay Malt,Scotland
Islay Mist,Scotland
Islay Single Malt,Scotland
Islay Single Malt Scotch Whisky,Scotland
Islay Single Malt Whisky,Scotland
Islay South Coast,Scotland
Isle of Fionia,Denmark
Isle of Islay,Scotland
Isle of Jura,Scotland
Isle of Lime,Sweden
Isle of Skye,Scotland
J&B,Scotland
J. & G. Grant Ltd.,Scotland
J.J. Corry,Ireland
J.P. Wiser's,Canada
J.W. Dant,United States
Jack Daniel's,United States
Jack Ryan,Ireland
Jack's Pirate,Germany
James E. Pepper 1776,United States
James Martin's,Scotland
Jameson,Ireland
Japanese Blended Whisky,Japan
Jefferson's,United States
Jericho,Scotland
Jim Beam,United States
Jobst,Germany
John Begg,Scotland
John E. Fitzgerald Larceny,United States
John Haig,Scotland
John Jameson & Son,Ireland
John Power & Son,Ireland
John Walker & Sons,Scotland
Johnett,Switzerland
Johnnie Walker,Scotland
Joseph Magnus,United States
Journeyman Distillery,United States
Kaiyo,Japan
Kameda,Japan
Kamiki,Japan
Kanosuke,Japan
Karuizawa,Japan
Kavalan,Taiwan
Kemlya,Russian Federation
Kempisch Vuur,Belgium
Ken's Choice,United States
Kentucky Owl,United States
Ki One,South Korea
Kilbeggan,Ireland
Kilchoman,Scotland
Kildalton,Scotland
Kilkerran,Scotland
Killowen,Ireland
Kilnaughton,Scotland
Kim Chang Soo,South Korea
Kinahan's,Ireland
Kinclaith,Scotland
King Barley,Czech Republic
King Edward I,Scotland
King George IV,Scotland
King of Kentucky,United States
King of Scots,Scotland
King's Ransom,Scotland
Kings County Distillery,United States
Kingsbarns,Scotland
Kininvie,Scotland
Kinzig-Brennerei,Germany
Kirkland Signature,Scotland
Kiyosato Field Ballet,Japan
Knaplund,Denmark
Knappogue Castle,Ireland
Knob Creek,United States
Knockando,Scotland
Knockdhu,Scotland
Kornog,France
Koval,United States
Kujira,Japan
Kymsee,Germany
Kyrö,Finland
La Famiglia Nostra,Germany
La Piautre,France
Label 5,Scotland
Ladyburn,Scotland
Lagavulin,Scotland
Lagg,Scotland
Laggan Mill,Scotland
Lakeland,Switzerland
Lamas,Brazil
Lambay Whiskey,Ireland
Lambertus,Belgium
Lammerlaw,New Zealand
Langatun,Switzerland
Langs,Scotland
Laphroaig,Scotland
Largiemeanoch,Scotland
Lark,Australia
Las Vegas Distillery,United States
Lauder's,Scotland
Le Breuil,France
Ledaig,Scotland
Liber,Spain
Liddesdale,Scotland
Lihnell's,Sweden
Limeburners,Australia
Lindores Abbey,Scotland
Linkwood,Scotland
Linlithgow,Scotland
Lismore,Scotland
Little Book,United States
Littlemill,Scotland
Loch Indaal,Scotland
Loch Lomond,Scotland
Lochindaal,Scotland
Lochlea,Scotland
Lochranza,Scotland
Lochside,Scotland
Locke's,Ireland
Logan,Scotland
Lone Elm,United States
Long John,Scotland
Longmorn,Scotland
Longrow,Scotland
Lossit,Scotland
Lost & Found,Scotland
Lost Lantern,United States
Lost Spirits,United States
Lot No. 40,Canada
Lowland,Scotland
M&H,Israel
Mac Dugan,Scotland
Mac-Talla,Scotland
Macallan,Scotland
Macaloney's,Canada
Macardo,Switzerland
MacArthur's,Scotland
Macduff,Scotland
Machrie Moor,Scotland
Mackinlay's,Scotland
Mackmyra,Sweden
Macleod's,Scotland
MacNair's,Scotland
MacPhail's,Scotland
Maison Benjamin Kuentz,France
Maker's Mark,United States
Malt Whisky,
Mannochmore,Scotland
Marder,Germany
Mars,Japan
Mars Tsunuki,Japan
Masterson's,Canada
Masthouse,United Kingdom
Match Whisky,Scotland
Matisse,Scotland
Maximum Peat,Scotland
Mayer's,Germany
MB Roland,United States
McCarthy's Oregon,United States
McClelland's,Scotland
McConnell's,Ireland
McGibbon's,Scotland
McNeill's Choice,Scotland
McNeill's Prototype,Scotland
Meikle Tòir,Scotland
Method and Madness,Ireland
mettermalt,Germany
Meyer's,France
Michel Couvreur,France
Michter's,United States
Micil,Ireland
Midleton,Ireland
Milam & Greene,United States
Milford,New Zealand
Millburn,Scotland
Millstone,Netherlands
Miltonduff,Scotland
Miyagikyo,Japan
Monkey Shoulder,Scotland
Moon Harbour,France
Morris,Australia
Mortlach,Scotland
Morton's,Scotland
Mosgaard,Denmark
Mosstowie,Scotland
Mull's Finest,Scotland
Mwórveld,Netherlands
Myken,Norway
Mystery Speyside,Scotland
Nagahama,Japan
Naguelann,France
Nant,Australia
Nantou,Taiwan
Nc'nean,Scotland
Nestville,Slovakia
Nevis Dew,Scotland
New Riff,United States
New World Projects,Australia
New York Distilling Company,United States
Nikka,Japan
Ninkasi,France
No Age,Scotland
Noah's Mill,United States
Nomad,Scotland
Nordmarkens,Sweden
North British,Scotland
North Highland,Scotland
North of Scotland,Scotland
North Port,Scotland
Nulu,United States
Oban,Scotland
Octomore,Scotland
Ohishi Whisky,Japan
Old Ballantruan,Scotland
Old Bardstown,United States
Old Bear,Switzerland
Old Buck,Finland
Old Crow,United States
Old Deer,Switzerland
Old Elgin,Scotland
Old Elk,United States
Old Ezra,United States
Old Fitzgerald,United States
Old Forester,United States
Old Grand-Dad,United States
Old Kempton,Australia
Old Line,United States
Old Mull,Scotland
Old Orkney,Scotland
Old Overholt,United States
Old Parr,Scotland
Old Perth,Scotland
Old Potrero,United States
Old Pulteney,Scotland
Old Rarity,Scotland
Old Raven,Austria
Old Rhosdhu,Scotland
Old Rip Van Winkle,United States
Old Sandhill,Germany
Old Smuggler,Scotland
Old St. Andrews,Scotland
Old Taylor,United States
Old Well,Czech Republic
Old Weller,United States
Oldmoor,Scotland
Ontake,Japan
Orchard House,Scotland
Ord,Scotland
Orkney,Scotland
Orkney Islands,Scotland
Orkney Single Malt,Scotland
Orma,Switzerland
Overaged Malt Whisky,Scotland
Overeem,Australia
Oxford Rye Whisky,United Kingdom
P&M,France
Paddy,Ireland
Palatinatus,Germany
Pappy Van Winkle's,United States
Parker's Heritage Collection,United States
Passport,Scotland
Paul John,India
Peaky Blinder,United Kingdom
Peallach,Scotland
Pearse,Ireland
Peat,Scotland
Peat & Sherry,Scotland
Peat Bog,Scotland
Peat Chimney,Scotland
Peat Reek,Scotland
Peat's Beast,Scotland
Peated Highland,Scotland
Peated Single Malt Whisky,
Peatside,Scotland
Peerless,United States
Penderyn,Wales
Penelope,United States
Penninger,Germany
PennyPacker,United States
Peter Affenzeller,Austria
Peter Dawson,Scotland
Pfälzer Leidenschaft,Germany
Pfanner,Austria
Pike Creek,Canada
Pilz Whisky,Germany
Pinhook,United States
Pinwinnie,Scotland
Pittyvaich,Scotland
Poit Dhubh,Scotland
Pōkeno,New Zealand
Pommerscher Greif,Germany
Port Askaig,Scotland
Port Charlotte,Scotland
Port Dundas,Scotland
Port Ellen,Scotland
Potter,Canada
Powers,Ireland
President,Scotland
Preussischer Whisky,Germany
Prichard's,United States
Pride of Orkney,Scotland
Pride of Strathspey,Scotland
Private Stock,Scotland
Probably Orkney's Finest,Scotland
Probably Speyside's Finest,Scotland
Pulteney,Scotland
Puni,Italy
Pure Kentucky,United States
QE2,Scotland
Queen Anne,Scotland
Queen Margot,Scotland
Raasay,Scotland
Rabbit Hole,United States
Racke Rauchzart,Germany
Rampur,India
Ranger Creek,United States
Rare Character,United States
Rauchkofel,Austria
Rebel,United States
Rebel Yell,United States
Red Hackle,Scotland
Red Snake,Scotland
Red Spot,Ireland
Redbreast,Ireland
Redemption,United States
Redwood Empire,United States
Reisetbauer,Austria
Remus,United States
Reservoir,United States
Rhinns,Scotland
Rittenhouse,United States
Robert Burns,Scotland
Robertson's,Scotland
Rock Island,Scotland
Rock Oyster,Scotland
Rock Town,United States
Roe & Co,Ireland
Rogue,United States
Rose Valley,Germany
Rosebank,Scotland
Roslags,Sweden
Rossville Union,United States
RoughStock,United States
Rowan's Creek,United States
Royal Brackla,Scotland
Royal Lochnagar,Scotland
Royal Salute,Scotland
Ruadh Maor,Scotland
Ruadh Mhor,Scotland
Rugenbräu,Switzerland
Russell's Reserve,United States
Rutherford's,Scotland
RY3,United States
Ryuka,Japan
Saburomaru,Japan
Sagamore Spirit,United States
Saillt Mór,Germany
Sailor's Home Irish Whiskey,Ireland
Sainsbury's,Scotland
Saint & Peat,Scotland
Saint Brandarius,Netherlands
Sakurao,Japan
Sall Whisky,Denmark
Sandy Macnab's,Scotland
Säntis Malt,Switzerland
Sazerac,United States
Scallywag,Scotland
Scapa,Scotland
Scapegrace,New Zealand
Scarabus,Scotland
Schenley,Canada
Schlitzer,Germany
Scotch No. 10,Scotland
Scotch Universe,Germany
Scotch Whisky,Scotland
Scottish Leader,Scotland
Scriptor,Germany
Sculte,Netherlands
Seagram's,Canada
Seaweed & Aeons & Digging & Fire,Scotland
Secret Bottlings Series,Scotland
Secret Distillery,Scotland
Secret Highland,Scotland
Secret Highland Distillery,Scotland
Secret Islay,Scotland
Secret Islay Distillery,Scotland
Secret Lowland,Scotland
Secret Orkney,Scotland
Secret Orkney Distillery,Scotland
Secret Speyside,Scotland
Secret Speyside Distillery,Scotland
Séquoia,France
Seven Seals,Switzerland
Seven Sons,Scotland
Seven Stills of San Francisco,United States
Sheep Dip,Scotland
Shelter Point,Canada
Shenk's Homestead,United States
Shieldaig,Scotland
Shindo,Japan
Shinobu,Japan
Shizuoka,Japan
Shortcross,United Kingdom
Sild,Germany
Silkie,Ireland
Silver Seal,Scotland
Simon's,Germany
Simple Sample,Germany
Sin-Gold,Germany
Single Islay Malt,Scotland
Single Malt,
Single Malt Irish Whiskey,Ireland
Single Malt Scotch Whisky,Scotland
Single Malt Whisky,
Single-single,Scotland
Slane,Ireland
Sloupisti,Germany
Slyrs,Germany
Small Brook,Luxembourg
SmallestWhiskyBarOnEarth,Switzerland
Smögen,Sweden
Smoke Wagon,United States
Smokehead,Scotland
Smoking Islay,Scotland
Smooth Ambler,United States
Something Special,Scotland
Sonoma County,United States
South Islay,Scotland
South Islay Single Malt,Scotland
Special Islay Malt,Scotland
Special Vatting,Scotland
SPEY,Scotland
Speybridge,Scotland
Speyburn,Scotland
Speyside,Scotland
Speyside (M),Scotland
Speyside Blended Malt Scotch Whisky,Scotland
Speyside Distillery,Scotland
Speyside Finest,Scotland
Speyside Malt,Scotland
Speyside Region,Scotland
Speyside Region Malt,Scotland
Speyside Single Malt,Scotland
Speyside Single Malt Scotch Whisky,Scotland
Spice King,Scotland
Spinnaker,Germany
Spirit of Speyside Whisky Festival,Scotland
Spirit of Yorkshire Distillery,United Kingdom
Spirkelbacher Whisky,Germany
Spring Bay,Australia
Springbank,Scotland
St. Bridget's Kirk,Scotland
St. George Spirits (US),United States
St. Kilian,Germany
St. Magdalene,Scotland
Stagg,United States
Stagg Jr.,United States
Stalk & Barrel,Canada
Staoisha,Scotland
Starlight Distillery,United States
Starward,Australia
Statesman,Scotland
Stauning,Denmark
Stellum,United States
Stewarts Cream of the Barley,Scotland
Stewarts Dundee,United Kingdom
Still Austin,United States
Stillbrook,United States
Stokerij de Molenberg,Belgium
Stonewood,Germany
Stork Club,Germany
Störtebeker,Germany
Stranahan's,United States
Strathclyde,Scotland
Strathconon,Scotland
Strathdearn,Scotland
Strathearn,Scotland
Stratheden,Scotland
Strathisla,Scotland
Strathmill,Scotland
Stronachie,Scotland
Sullivans Cove,Australia
Suntory,Japan
Swiss Mountain,Switzerland
Taichung,Taiwan
Taketsuru,Japan
Talisker,Scotland
Tamdhu,Scotland
Tamnavulin,Scotland
Taranis,Germany
Tasty Creations,Scotland
Té Bheag,Scotland
Teacher's,Scotland
Teaninich,Scotland
Tecker,Germany
Teeling,Ireland
Teerenpeli,Finland
Telser,Liechtenstein
Templeton,United States
Tenjaku,Japan
Tennessee Bourbon,United States
Tennessee Whiskey,United States
Texelse,Netherlands
The Abbot's Choice,Scotland
The Akkeshi,Japan
The Alrik,Germany
The Antiquary,Scotland
The Belgian Owl,Belgium
The Bennachie,Scotland
The Big Smoke,Scotland
The Black Grouse,Scotland
The Bridge,Ireland
The Busker,Ireland
The Cardrona,New Zealand
The Cask Wizard,
The Cigar Malt,Scotland
The Clydeside Distillery,Scotland
The Dark Side of Islay,Scotland
The Deveron,Scotland
The Dragon,Scotland
The Dublin Liberties,Ireland
The Dubliner,Ireland
The English Whisky,United Kingdom
The Epicurean,Scotland
The Exclusive Blend,Scotland
The Famous Grouse,Scotland
The Friend at Hand,Ireland
The Gauldrons,Scotland
The Hearach,Scotland
The Hive,Scotland
The Huntly,Scotland
The Ileach,Scotland
The Inverarity,Scotland
The Irishman,Ireland
The Kurayoshi,Japan
The Lakes,United Kingdom
The Last Drop,Scotland
The Legendary,Scotland
The Liberator,Ireland
The Loch Fyne,Scotland
The Lost Distilleries Blend,Scotland
The Lübbehusen,Germany
The Matsui,Japan
The Nine Springs,Germany
The OA Islay,Scotland
The Oamaruvian,New Zealand
The Observatory,Scotland
The Old Man of Hoy,Scotland
The One,United Kingdom
The Original Mackinlay,Scotland
The Ox,Germany
The Peat Monster,Scotland
The Quiet Man,Ireland
The Real Mackenzie,Scotland
The Singleton of Auchroisk,Scotland
The Singleton of Dufftown,Scotland
The Singleton of Glen Ord,Scotland
The Singleton of Glendullan,Scotland
The Six Isles,Scotland
The Speyside,Scotland
The Spice Tree,Scotland
The Story of the Spaniard,Scotland
The Targe,Scotland
The Temple Bar,Ireland
The Torran,Scotland
The Tottori,Japan
The Tweeddale,Scotland
The Westfalian,Germany
The Whistler,Ireland
The Wild Geese,Ireland
Thirteenth Colony,United States
Thomas H. Handy Sazerac,United States
Thomond Gate,Ireland
Thomson,New Zealand
Thousand Mountains,Germany
Three Ships,South Africa
Threeland,Germany
Thy Whisky,Denmark
Timboon,Australia
Timorous Beastie,Scotland
Tipperary,Ireland
Tobermory,Scotland
Togouchi,Japan
Tomatin,Scotland
Tomintoul,Scotland
Torabhaig,Scotland
Tormore,Scotland
Towiemore,Scotland
Town Branch,United States
Trader,Germany
Trebitsch,Czech Republic
Trolden,Denmark
Tullamore Dew,Ireland
Tullibardine,Scotland
Turntable,United Kingdom
Twelve,France
Two Brewers,Canada
Two Stacks,Ireland
Tyrconnell,Ireland
Uberach,France
Uisge Beatha,Scotland
Undisclosed Distillery,
Undisclosed Distillery (Orkney),Scotland
Union Distillery,Brazil
Unknown,
Unnamed Islay Malt,Scotland
Unnamed Orkney,Scotland
Unnamed Speyside,Scotland
Usher's,Scotland
Usquaebach,Scotland
Valamo,Finland
Van Brunt Stillhouse,United States
Van Loon,Germany
Van Winkle,United States
VAT 69,Scotland
Version Française,France
Very Olde St. Nick,United States
Very Sherried,Scotland
Vilanova,France
Vingården Lille Gadegård,Denmark
Virginia,United States
Vital Spark,Scotland
W.D. O'Connell,Ireland
W.L. Weller,United States
Wagging Finger,Netherlands
Wakatsuru,Japan
Waldviertler Whisky J.H.,Austria
Wambrechies,France
Wardhead,Scotland
Wasmund's,United States
Waterford,Ireland
Wathen's,United States
Waubs Harbour,Australia
Wave Distil,Belgium
Welche's Whisky,France
Weller,United States
West Cork,Ireland
Westland,United States
Westport,Scotland
Westward,United States
Weutz,Austria
Whesskey,Germany
Whisky Alpin,Austria
Whisky Castle,Switzerland
Whiskymania Klub,Germany
WhistlePig,United States
White Heather,Scotland
White Horse,Scotland
White Oak,Japan
White Peak,United Kingdom
Whitlaw,Scotland
Whyte & Mackay,Scotland
Widow Jane,United States
Wieser,Austria
Wild Turkey,United States
Wild Weasel,Belgium
Wild Whisky,Germany
Wilderness Trail,United States
Willett,United States
William Cadenhead,Scotland
William Grant & Sons Limited,Scotland
William Larue Weller,United States
William Lawson's,Scotland
William Peel,Scotland
Williamson,Scotland
Willowbank,New Zealand
WillowBurn,Germany
Winchester,United States
Wire Works,United Kingdom
Wiser's,Canada
Wolfburn,Scotland
Woodford Reserve,United States
Woodinville,United States
WormTub,Scotland
Woven,Scotland
Writers' Tears,Ireland
Wyoming Whiskey,United States
Yamazaki,Japan
Yamazakura,Japan
Ye Monks,Scotland
Yellow Rose (US),United States
Yellow Spot,Ireland
Yellowstone,United States
Yoichi,Japan
Yuza,Japan
Ærø Whisky,Denmark
